name,time_window,freq_band,priority,top1,top5,mean_rank,median_rank,top1_drop,top5_drop
baseline,,,control,0.594,0.909,2.67,1.0,,
T1_50-150ms__low_gamma,T1_50-150ms,low_gamma,5,0.596,0.912,2.644,1.0,-0.002,-0.003
T1_50-150ms__gamma,T1_50-150ms,gamma,5,0.591,0.914,2.673,1.0,0.003,-0.005
T2_150-300ms__low_gamma,T2_150-300ms,low_gamma,5,0.581,0.909,2.754,1.0,0.013,-0.0
T2_150-300ms__gamma,T2_150-300ms,gamma,5,0.597,0.909,2.649,1.0,-0.003,-0.0
T2_150-300ms__beta,T2_150-300ms,beta,4,0.489,0.83,3.716,1.6,0.105,0.079
T1_50-150ms__beta,T1_50-150ms,beta,3,0.576,0.885,2.793,1.0,0.018,0.024
T1_50-150ms__high_gamma,T1_50-150ms,high_gamma,3,0.594,0.917,2.653,1.0,-0.0,-0.008
T2_150-300ms__high_gamma,T2_150-300ms,high_gamma,3,0.6,0.908,2.656,1.0,-0.006,0.001
T3_300-500ms__theta,T3_300-500ms,theta,3,0.593,0.894,2.84,1.0,0.001,0.015
T3_300-500ms__alpha,T3_300-500ms,alpha,3,0.584,0.9,2.78,1.0,0.01,0.009
T0_0-50ms__beta,T0_0-50ms,beta,2,0.577,0.909,2.79,1.0,0.017,-0.0
T0_0-50ms__low_gamma,T0_0-50ms,low_gamma,2,0.594,0.907,2.683,1.0,0.0,0.002
T0_0-50ms__gamma,T0_0-50ms,gamma,2,0.597,0.909,2.666,1.0,-0.003,-0.0
T0_0-50ms__high_gamma,T0_0-50ms,high_gamma,2,0.599,0.91,2.673,1.0,-0.005,-0.001
T1_50-150ms__alpha,T1_50-150ms,alpha,2,0.3,0.632,9.732,3.2,0.294,0.277
T2_150-300ms__theta,T2_150-300ms,theta,2,0.595,0.89,2.897,1.0,-0.001,0.019
T2_150-300ms__alpha,T2_150-300ms,alpha,2,0.592,0.91,2.75,1.0,0.002,-0.001
T3_300-500ms__beta,T3_300-500ms,beta,2,0.561,0.886,2.89,1.0,0.033,0.023
T3_300-500ms__low_gamma,T3_300-500ms,low_gamma,2,0.594,0.908,2.707,1.0,0.0,0.001
T3_300-500ms__gamma,T3_300-500ms,gamma,2,0.593,0.907,2.63,1.0,0.001,0.002
T3_300-500ms__high_gamma,T3_300-500ms,high_gamma,2,0.593,0.911,2.665,1.0,0.001,-0.002
T4_500-800ms__theta,T4_500-800ms,theta,2,0.575,0.893,2.889,1.0,0.019,0.016
T4_500-800ms__alpha,T4_500-800ms,alpha,2,0.57,0.908,2.749,1.0,0.024,0.001
T0_0-50ms__delta,T0_0-50ms,delta,1,0.594,0.909,2.67,1.0,0.0,0.0
T0_0-50ms__theta,T0_0-50ms,theta,1,0.594,0.909,2.67,1.0,0.0,0.0
T0_0-50ms__alpha,T0_0-50ms,alpha,1,0.594,0.909,2.67,1.0,0.0,0.0
T1_50-150ms__delta,T1_50-150ms,delta,1,0.594,0.909,2.67,1.0,0.0,0.0
T1_50-150ms__theta,T1_50-150ms,theta,1,0.594,0.909,2.67,1.0,0.0,0.0
T2_150-300ms__delta,T2_150-300ms,delta,1,0.588,0.874,3.045,1.0,0.006,0.035
T3_300-500ms__delta,T3_300-500ms,delta,1,0.594,0.886,2.986,1.0,-0.0,0.023
T4_500-800ms__delta,T4_500-800ms,delta,1,0.549,0.874,3.107,1.0,0.045,0.035
T4_500-800ms__beta,T4_500-800ms,beta,1,0.579,0.91,2.723,1.0,0.015,-0.001
T4_500-800ms__low_gamma,T4_500-800ms,low_gamma,1,0.592,0.913,2.689,1.0,0.002,-0.004
T4_500-800ms__gamma,T4_500-800ms,gamma,1,0.589,0.909,2.699,1.0,0.005,-0.0
T4_500-800ms__high_gamma,T4_500-800ms,high_gamma,1,0.601,0.911,2.647,1.0,-0.007,-0.002
full_mask_all,T_full,all_bands,control,0.005,0.027,99.184,97.8,0.589,0.882
random_control,T1_50-150ms,delta,control,0.594,0.909,2.67,1.0,0.0,0.0
full_time_gamma,T_full,gamma,control,0.589,0.908,2.698,1.0,0.005,0.001
