condition,time_window,freq_band,n_subjects,mean_baseline_top1,mean_ablated_top1,mean_paired_drop,sd_paired_drop,sem_paired_drop,mean_identity_difference,mean_stored_top1_drop,max_abs_recomputed_vs_stored,t_statistic,p_raw,q_fdr,significance
T0_0-50ms__alpha,T0_0-50ms,alpha,10,0.2147,0.2147,0,0,0,0,0,0,0,1,1,
T0_0-50ms__beta,T0_0-50ms,beta,10,0.2147,0.2022,0.0125,0.0165479102407,0.00523290868765,2.77555756156e-17,0.0125,2.42861286637e-17,2.38872885925,0.0406419909322,0.109420744818,*
T0_0-50ms__delta,T0_0-50ms,delta,10,0.2147,0.2147,0,0,0,0,0,0,0,1,1,
T0_0-50ms__gamma,T0_0-50ms,gamma,10,0.2147,0.2156,-0.0009,0.00159513148187,0.000504424865014,4.16333634234e-17,-0.0009,2.51534904017e-17,-1.78421022123,0.108055242346,0.247932284518,
T0_0-50ms__high_gamma,T0_0-50ms,high_gamma,10,0.2147,0.2151,-0.0004,0.000966091783079,0.00030550504633,1.38777878078e-17,-0.0004,2.68882138776e-17,-1.30930734142,0.222868350134,0.458846603216,
T0_0-50ms__low_gamma,T0_0-50ms,low_gamma,10,0.2147,0.2148,-0.0001,0.00255821118058,0.000808977406634,-1.10995197408e-17,-0.0001,3.46944695195e-18,-0.123612846515,0.904338428508,1,
T0_0-50ms__theta,T0_0-50ms,theta,10,0.2147,0.2147,0,0,0,0,0,0,0,1,1,
T1_50-150ms__alpha,T1_50-150ms,alpha,10,0.2147,0.1097,0.105,0.037549966711,0.011874342087,2.77555756156e-17,0.105,2.77555756156e-17,8.8425951712,9.86152044781e-06,0.000345153215673,**
T1_50-150ms__beta,T1_50-150ms,beta,10,0.2147,0.1985,0.0162,0.00695701085237,0.0022,6.93889390391e-17,0.0162,2.08166817117e-17,7.36363636364,4.26493810512e-05,0.000497576112264,**
T1_50-150ms__delta,T1_50-150ms,delta,10,0.2147,0.2147,0,0,0,0,0,0,0,1,1,
T1_50-150ms__gamma,T1_50-150ms,gamma,10,0.2147,0.2165,-0.0018,0.00322490309932,0.00101980390272,2.49366499672e-17,-0.0018,2.51534904017e-17,-1.76504521624,0.111373246383,0.247932284518,
T1_50-150ms__high_gamma,T1_50-150ms,high_gamma,10,0.2147,0.2155,-0.0008,0.00261618891605,0.000827311576399,5.26922255828e-17,-0.0008,2.42861286637e-17,-0.96698755683,0.358814943806,0.598024906343,
T1_50-150ms__low_gamma,T1_50-150ms,low_gamma,10,0.2147,0.2132,0.0015,0.00531768537785,0.00168159976742,3.33934269126e-17,0.0015,2.68882138776e-17,0.892007735172,0.395611331075,0.629381663073,
T1_50-150ms__theta,T1_50-150ms,theta,10,0.2147,0.2147,0,0,0,0,0,0,0,1,1,
T2_150-300ms__alpha,T2_150-300ms,alpha,10,0.2147,0.2001,0.0146,0.0156858039145,0.00496028673006,3.29597460436e-17,0.0146,4.16333634234e-17,2.94337823487,0.016396444601,0.0478229634197,**
T2_150-300ms__beta,T2_150-300ms,beta,10,0.2147,0.1688,0.0459,0.0359086804733,0.0113553218067,6.93889390391e-18,0.0459,2.77555756156e-17,4.04215756994,0.00291911799209,0.0145955899604,**
T2_150-300ms__delta,T2_150-300ms,delta,10,0.2147,0.1583,0.0564,0.0286364181497,0.0090556305382,5.55111512313e-17,0.0564,2.08166817117e-17,6.22816928783,0.000153591062742,0.00134392179899,**
T2_150-300ms__gamma,T2_150-300ms,gamma,10,0.2147,0.2153,-0.0006,0.00283627298482,0.000896908269805,1.94072188875e-17,-0.0006,2.60208521397e-17,-0.668964731622,0.520306562905,0.791770856595,
T2_150-300ms__high_gamma,T2_150-300ms,high_gamma,10,0.2147,0.2151,-0.0004,0.0020110804172,0.000635959467611,1.38777878078e-17,-0.0004,2.51534904017e-17,-0.628970902033,0.544999364737,0.794790740242,
T2_150-300ms__low_gamma,T2_150-300ms,low_gamma,10,0.2147,0.2153,-0.0006,0.0041686661869,0.00131824799555,-2.81892564846e-18,-0.0006,5.11743425413e-17,-0.455149563682,0.659782448522,0.888168680703,
T2_150-300ms__theta,T2_150-300ms,theta,10,0.2147,0.1853,0.0294,0.0192711644116,0.00609407727041,4.85722573274e-17,0.0294,2.42861286637e-17,4.82435628815,0.00094125849307,0.00658880945149,**
T3_300-500ms__alpha,T3_300-500ms,alpha,10,0.2147,0.2056,0.0091,0.00907315943992,0.0028691849404,3.64291929955e-17,0.0091,2.42861286637e-17,3.17163242838,0.0113361935282,0.0396766773487,**
T3_300-500ms__beta,T3_300-500ms,beta,10,0.2147,0.1907,0.024,0.0230072452356,0.00727552976307,3.46944695195e-17,0.024,2.08166817117e-17,3.29872885983,0.00924864061032,0.0359669357068,**
T3_300-500ms__delta,T3_300-500ms,delta,10,0.2147,0.173,0.0417,0.016911863029,0.00534800066484,2.77555756156e-17,0.0417,4.16333634234e-17,7.79730643531,2.71558493029e-05,0.0004752273628,**
T3_300-500ms__gamma,T3_300-500ms,gamma,10,0.2147,0.2155,-0.0008,0.00209761769634,0.000663324958071,5.26922255828e-17,-0.0008,2.42861286637e-17,-1.20604537831,0.258547200866,0.496446362232,
T3_300-500ms__high_gamma,T3_300-500ms,high_gamma,10,0.2147,0.2155,-0.0008,0.00214993539955,0.000679869268479,-2.81892564846e-18,-0.0008,2.68882138776e-17,-1.17669681083,0.269499453783,0.496446362232,
T3_300-500ms__low_gamma,T3_300-500ms,low_gamma,10,0.2147,0.2154,-0.0007,0.00642996457568,0.00203333333333,1.10588621594e-17,-0.0007,2.60208521397e-17,-0.344262295082,0.738556171898,0.957387630238,
T3_300-500ms__theta,T3_300-500ms,theta,10,0.2147,0.1946,0.0201,0.0146852155434,0.00464387290476,2.77555756156e-17,0.0201,3.46944695195e-17,4.32828382952,0.00190988907591,0.0111410196094,**
T4_500-800ms__alpha,T4_500-800ms,alpha,10,0.2147,0.2125,0.0022,0.00632104070194,0.00199888858008,2.51534904017e-17,0.0022,2.60208521397e-17,1.10061162084,0.299630225561,0.524352894731,
T4_500-800ms__beta,T4_500-800ms,beta,10,0.2147,0.2068,0.0079,0.00808908729915,0.00255799400573,5.03069808033e-17,0.0079,5.11743425413e-17,3.08835751073,0.0129638050258,0.0412484705366,**
T4_500-800ms__delta,T4_500-800ms,delta,10,0.2147,0.2018,0.0129,0.0114741254811,0.00362843706788,1.04083408559e-17,0.0129,2.42861286637e-17,3.55524975593,0.00616497558863,0.0269717682002,**
T4_500-800ms__gamma,T4_500-800ms,gamma,10,0.2147,0.2147,0,0.00163299316186,0.000516397779494,5.55111512313e-17,0,2.60208521397e-18,0,1,1,
T4_500-800ms__high_gamma,T4_500-800ms,high_gamma,10,0.2147,0.2151,-0.0004,0.00241292814278,0.000763034876151,1.1113072268e-17,-0.0004,3.46944695195e-18,-0.524222433997,0.612788120445,0.857903368623,
T4_500-800ms__low_gamma,T4_500-800ms,low_gamma,10,0.2147,0.215,-0.0003,0.00312872000807,0.000989388138644,2.2226144536e-17,-0.0003,4.33680868994e-18,-0.303217704238,0.768616004243,0.960770005303,
T4_500-800ms__theta,T4_500-800ms,theta,10,0.2147,0.2103,0.0044,0.00793305321634,0.0025086516963,1.64798730218e-17,0.0044,2.25514051877e-17,1.75393021139,0.113340472922,0.247932284518,
