subject,condition,time_window,freq_band,baseline_top1,ablated_top1,recomputed_paired_drop,stored_top1_drop,recomputed_minus_stored,source_csv
1,T0_0-50ms__alpha,T0_0-50ms,alpha,0.226,0.226,0,0,0,generalization_stft_ablation_inter-subjects_sub01.csv
2,T0_0-50ms__alpha,T0_0-50ms,alpha,0.244,0.244,0,0,0,generalization_stft_ablation_inter-subjects_sub02.csv
3,T0_0-50ms__alpha,T0_0-50ms,alpha,0.137,0.137,0,0,0,generalization_stft_ablation_inter-subjects_sub03.csv
4,T0_0-50ms__alpha,T0_0-50ms,alpha,0.193,0.193,0,0,0,generalization_stft_ablation_inter-subjects_sub04.csv
5,T0_0-50ms__alpha,T0_0-50ms,alpha,0.176,0.176,0,0,0,generalization_stft_ablation_inter-subjects_sub05.csv
6,T0_0-50ms__alpha,T0_0-50ms,alpha,0.277,0.277,0,0,0,generalization_stft_ablation_inter-subjects_sub06.csv
7,T0_0-50ms__alpha,T0_0-50ms,alpha,0.171,0.171,0,0,0,generalization_stft_ablation_inter-subjects_sub07.csv
8,T0_0-50ms__alpha,T0_0-50ms,alpha,0.199,0.199,0,0,0,generalization_stft_ablation_inter-subjects_sub08.csv
9,T0_0-50ms__alpha,T0_0-50ms,alpha,0.19,0.19,0,0,0,generalization_stft_ablation_inter-subjects_sub09.csv
10,T0_0-50ms__alpha,T0_0-50ms,alpha,0.334,0.334,0,0,0,generalization_stft_ablation_inter-subjects_sub10.csv
1,T0_0-50ms__beta,T0_0-50ms,beta,0.226,0.205,0.021,0.021,1.73472347598e-17,generalization_stft_ablation_inter-subjects_sub01.csv
2,T0_0-50ms__beta,T0_0-50ms,beta,0.244,0.233,0.011,0.011,-1.73472347598e-17,generalization_stft_ablation_inter-subjects_sub02.csv
3,T0_0-50ms__beta,T0_0-50ms,beta,0.137,0.141,-0.004,-0.004,2.42861286637e-17,generalization_stft_ablation_inter-subjects_sub03.csv
4,T0_0-50ms__beta,T0_0-50ms,beta,0.193,0.182,0.011,0.011,1.04083408559e-17,generalization_stft_ablation_inter-subjects_sub04.csv
5,T0_0-50ms__beta,T0_0-50ms,beta,0.176,0.173,0.003,0.003,2.60208521397e-18,generalization_stft_ablation_inter-subjects_sub05.csv
6,T0_0-50ms__beta,T0_0-50ms,beta,0.277,0.224,0.053,0.053,2.08166817117e-17,generalization_stft_ablation_inter-subjects_sub06.csv
7,T0_0-50ms__beta,T0_0-50ms,beta,0.171,0.158,0.013,0.013,1.21430643318e-17,generalization_stft_ablation_inter-subjects_sub07.csv
8,T0_0-50ms__beta,T0_0-50ms,beta,0.199,0.205,-0.006,-0.006,2.25514051877e-17,generalization_stft_ablation_inter-subjects_sub08.csv
9,T0_0-50ms__beta,T0_0-50ms,beta,0.19,0.183,0.007,0.007,6.07153216592e-18,generalization_stft_ablation_inter-subjects_sub09.csv
10,T0_0-50ms__beta,T0_0-50ms,beta,0.334,0.318,0.016,0.016,1.38777878078e-17,generalization_stft_ablation_inter-subjects_sub10.csv
1,T0_0-50ms__delta,T0_0-50ms,delta,0.226,0.226,0,0,0,generalization_stft_ablation_inter-subjects_sub01.csv
2,T0_0-50ms__delta,T0_0-50ms,delta,0.244,0.244,0,0,0,generalization_stft_ablation_inter-subjects_sub02.csv
3,T0_0-50ms__delta,T0_0-50ms,delta,0.137,0.137,0,0,0,generalization_stft_ablation_inter-subjects_sub03.csv
4,T0_0-50ms__delta,T0_0-50ms,delta,0.193,0.193,0,0,0,generalization_stft_ablation_inter-subjects_sub04.csv
5,T0_0-50ms__delta,T0_0-50ms,delta,0.176,0.176,0,0,0,generalization_stft_ablation_inter-subjects_sub05.csv
6,T0_0-50ms__delta,T0_0-50ms,delta,0.277,0.277,0,0,0,generalization_stft_ablation_inter-subjects_sub06.csv
7,T0_0-50ms__delta,T0_0-50ms,delta,0.171,0.171,0,0,0,generalization_stft_ablation_inter-subjects_sub07.csv
8,T0_0-50ms__delta,T0_0-50ms,delta,0.199,0.199,0,0,0,generalization_stft_ablation_inter-subjects_sub08.csv
9,T0_0-50ms__delta,T0_0-50ms,delta,0.19,0.19,0,0,0,generalization_stft_ablation_inter-subjects_sub09.csv
10,T0_0-50ms__delta,T0_0-50ms,delta,0.334,0.334,0,0,0,generalization_stft_ablation_inter-subjects_sub10.csv
1,T0_0-50ms__gamma,T0_0-50ms,gamma,0.226,0.229,-0.003,-0.003,-2.60208521397e-18,generalization_stft_ablation_inter-subjects_sub01.csv
2,T0_0-50ms__gamma,T0_0-50ms,gamma,0.244,0.244,0,0,0,generalization_stft_ablation_inter-subjects_sub02.csv
3,T0_0-50ms__gamma,T0_0-50ms,gamma,0.137,0.135,0.002,0.002,1.73472347598e-18,generalization_stft_ablation_inter-subjects_sub03.csv
4,T0_0-50ms__gamma,T0_0-50ms,gamma,0.193,0.195,-0.002,-0.002,-1.73472347598e-18,generalization_stft_ablation_inter-subjects_sub04.csv
5,T0_0-50ms__gamma,T0_0-50ms,gamma,0.176,0.175,0.001,0.001,8.67361737988e-19,generalization_stft_ablation_inter-subjects_sub05.csv
6,T0_0-50ms__gamma,T0_0-50ms,gamma,0.277,0.278,-0.001,-0.001,-8.67361737988e-19,generalization_stft_ablation_inter-subjects_sub06.csv
7,T0_0-50ms__gamma,T0_0-50ms,gamma,0.171,0.174,-0.003,-0.003,2.51534904017e-17,generalization_stft_ablation_inter-subjects_sub07.csv
8,T0_0-50ms__gamma,T0_0-50ms,gamma,0.199,0.2,-0.001,-0.001,-8.67361737988e-19,generalization_stft_ablation_inter-subjects_sub08.csv
9,T0_0-50ms__gamma,T0_0-50ms,gamma,0.19,0.191,-0.001,-0.001,-8.67361737988e-19,generalization_stft_ablation_inter-subjects_sub09.csv
10,T0_0-50ms__gamma,T0_0-50ms,gamma,0.334,0.335,-0.001,-0.001,-8.67361737988e-19,generalization_stft_ablation_inter-subjects_sub10.csv
1,T0_0-50ms__high_gamma,T0_0-50ms,high_gamma,0.226,0.226,0,-0,0,generalization_stft_ablation_inter-subjects_sub01.csv
2,T0_0-50ms__high_gamma,T0_0-50ms,high_gamma,0.244,0.244,0,0,0,generalization_stft_ablation_inter-subjects_sub02.csv
3,T0_0-50ms__high_gamma,T0_0-50ms,high_gamma,0.137,0.136,0.001,0.001,8.67361737988e-19,generalization_stft_ablation_inter-subjects_sub03.csv
4,T0_0-50ms__high_gamma,T0_0-50ms,high_gamma,0.193,0.194,-0.001,-0.001,-8.67361737988e-19,generalization_stft_ablation_inter-subjects_sub04.csv
5,T0_0-50ms__high_gamma,T0_0-50ms,high_gamma,0.176,0.177,-0.001,-0.001,-8.67361737988e-19,generalization_stft_ablation_inter-subjects_sub05.csv
6,T0_0-50ms__high_gamma,T0_0-50ms,high_gamma,0.277,0.278,-0.001,-0.001,-8.67361737988e-19,generalization_stft_ablation_inter-subjects_sub06.csv
7,T0_0-50ms__high_gamma,T0_0-50ms,high_gamma,0.171,0.172,-0.001,-0.001,2.68882138776e-17,generalization_stft_ablation_inter-subjects_sub07.csv
8,T0_0-50ms__high_gamma,T0_0-50ms,high_gamma,0.199,0.198,0.001,0.001,8.67361737988e-19,generalization_stft_ablation_inter-subjects_sub08.csv
9,T0_0-50ms__high_gamma,T0_0-50ms,high_gamma,0.19,0.192,-0.002,-0.002,-1.73472347598e-18,generalization_stft_ablation_inter-subjects_sub09.csv
10,T0_0-50ms__high_gamma,T0_0-50ms,high_gamma,0.334,0.334,0,0,0,generalization_stft_ablation_inter-subjects_sub10.csv
1,T0_0-50ms__low_gamma,T0_0-50ms,low_gamma,0.226,0.23,-0.004,-0.004,-3.46944695195e-18,generalization_stft_ablation_inter-subjects_sub01.csv
2,T0_0-50ms__low_gamma,T0_0-50ms,low_gamma,0.244,0.244,0,0,0,generalization_stft_ablation_inter-subjects_sub02.csv
3,T0_0-50ms__low_gamma,T0_0-50ms,low_gamma,0.137,0.135,0.002,0.002,1.73472347598e-18,generalization_stft_ablation_inter-subjects_sub03.csv
4,T0_0-50ms__low_gamma,T0_0-50ms,low_gamma,0.193,0.192,0.001,0.001,8.67361737988e-19,generalization_stft_ablation_inter-subjects_sub04.csv
5,T0_0-50ms__low_gamma,T0_0-50ms,low_gamma,0.176,0.178,-0.002,-0.002,-1.73472347598e-18,generalization_stft_ablation_inter-subjects_sub05.csv
6,T0_0-50ms__low_gamma,T0_0-50ms,low_gamma,0.277,0.274,0.003,0.003,2.60208521397e-18,generalization_stft_ablation_inter-subjects_sub06.csv
7,T0_0-50ms__low_gamma,T0_0-50ms,low_gamma,0.171,0.171,0,0,0,generalization_stft_ablation_inter-subjects_sub07.csv
8,T0_0-50ms__low_gamma,T0_0-50ms,low_gamma,0.199,0.196,0.003,0.003,2.60208521397e-18,generalization_stft_ablation_inter-subjects_sub08.csv
9,T0_0-50ms__low_gamma,T0_0-50ms,low_gamma,0.19,0.194,-0.004,-0.004,-3.46944695195e-18,generalization_stft_ablation_inter-subjects_sub09.csv
10,T0_0-50ms__low_gamma,T0_0-50ms,low_gamma,0.334,0.334,0,0,0,generalization_stft_ablation_inter-subjects_sub10.csv
1,T0_0-50ms__theta,T0_0-50ms,theta,0.226,0.226,0,0,0,generalization_stft_ablation_inter-subjects_sub01.csv
2,T0_0-50ms__theta,T0_0-50ms,theta,0.244,0.244,0,0,0,generalization_stft_ablation_inter-subjects_sub02.csv
3,T0_0-50ms__theta,T0_0-50ms,theta,0.137,0.137,0,0,0,generalization_stft_ablation_inter-subjects_sub03.csv
4,T0_0-50ms__theta,T0_0-50ms,theta,0.193,0.193,0,0,0,generalization_stft_ablation_inter-subjects_sub04.csv
5,T0_0-50ms__theta,T0_0-50ms,theta,0.176,0.176,0,0,0,generalization_stft_ablation_inter-subjects_sub05.csv
6,T0_0-50ms__theta,T0_0-50ms,theta,0.277,0.277,0,0,0,generalization_stft_ablation_inter-subjects_sub06.csv
7,T0_0-50ms__theta,T0_0-50ms,theta,0.171,0.171,0,0,0,generalization_stft_ablation_inter-subjects_sub07.csv
8,T0_0-50ms__theta,T0_0-50ms,theta,0.199,0.199,0,0,0,generalization_stft_ablation_inter-subjects_sub08.csv
9,T0_0-50ms__theta,T0_0-50ms,theta,0.19,0.19,0,0,0,generalization_stft_ablation_inter-subjects_sub09.csv
10,T0_0-50ms__theta,T0_0-50ms,theta,0.334,0.334,0,0,0,generalization_stft_ablation_inter-subjects_sub10.csv
1,T1_50-150ms__alpha,T1_50-150ms,alpha,0.226,0.075,0.151,0.151,2.77555756156e-17,generalization_stft_ablation_inter-subjects_sub01.csv
2,T1_50-150ms__alpha,T1_50-150ms,alpha,0.244,0.132,0.112,0.112,-1.38777878078e-17,generalization_stft_ablation_inter-subjects_sub02.csv
3,T1_50-150ms__alpha,T1_50-150ms,alpha,0.137,0.087,0.05,0.05,1.38777878078e-17,generalization_stft_ablation_inter-subjects_sub03.csv
4,T1_50-150ms__alpha,T1_50-150ms,alpha,0.193,0.1,0.093,0.093,0,generalization_stft_ablation_inter-subjects_sub04.csv
5,T1_50-150ms__alpha,T1_50-150ms,alpha,0.176,0.118,0.058,0.058,-6.93889390391e-18,generalization_stft_ablation_inter-subjects_sub05.csv
6,T1_50-150ms__alpha,T1_50-150ms,alpha,0.277,0.131,0.146,0.146,2.77555756156e-17,generalization_stft_ablation_inter-subjects_sub06.csv
7,T1_50-150ms__alpha,T1_50-150ms,alpha,0.171,0.054,0.117,0.117,1.38777878078e-17,generalization_stft_ablation_inter-subjects_sub07.csv
8,T1_50-150ms__alpha,T1_50-150ms,alpha,0.199,0.13,0.069,0.069,0,generalization_stft_ablation_inter-subjects_sub08.csv
9,T1_50-150ms__alpha,T1_50-150ms,alpha,0.19,0.086,0.104,0.104,1.38777878078e-17,generalization_stft_ablation_inter-subjects_sub09.csv
10,T1_50-150ms__alpha,T1_50-150ms,alpha,0.334,0.184,0.15,0.15,2.77555756156e-17,generalization_stft_ablation_inter-subjects_sub10.csv
1,T1_50-150ms__beta,T1_50-150ms,beta,0.226,0.203,0.023,0.023,-6.93889390391e-18,generalization_stft_ablation_inter-subjects_sub01.csv
2,T1_50-150ms__beta,T1_50-150ms,beta,0.244,0.232,0.012,0.012,-1.73472347598e-17,generalization_stft_ablation_inter-subjects_sub02.csv
3,T1_50-150ms__beta,T1_50-150ms,beta,0.137,0.125,0.012,0.012,1.04083408559e-17,generalization_stft_ablation_inter-subjects_sub03.csv
4,T1_50-150ms__beta,T1_50-150ms,beta,0.193,0.189,0.004,0.004,3.46944695195e-18,generalization_stft_ablation_inter-subjects_sub04.csv
5,T1_50-150ms__beta,T1_50-150ms,beta,0.176,0.154,0.022,0.022,-6.93889390391e-18,generalization_stft_ablation_inter-subjects_sub05.csv
6,T1_50-150ms__beta,T1_50-150ms,beta,0.277,0.254,0.023,0.023,2.08166817117e-17,generalization_stft_ablation_inter-subjects_sub06.csv
7,T1_50-150ms__beta,T1_50-150ms,beta,0.171,0.15,0.021,0.021,1.73472347598e-17,generalization_stft_ablation_inter-subjects_sub07.csv
8,T1_50-150ms__beta,T1_50-150ms,beta,0.199,0.191,0.008,0.008,6.93889390391e-18,generalization_stft_ablation_inter-subjects_sub08.csv
9,T1_50-150ms__beta,T1_50-150ms,beta,0.19,0.175,0.015,0.015,1.38777878078e-17,generalization_stft_ablation_inter-subjects_sub09.csv
10,T1_50-150ms__beta,T1_50-150ms,beta,0.334,0.312,0.022,0.022,2.08166817117e-17,generalization_stft_ablation_inter-subjects_sub10.csv
1,T1_50-150ms__delta,T1_50-150ms,delta,0.226,0.226,0,0,0,generalization_stft_ablation_inter-subjects_sub01.csv
2,T1_50-150ms__delta,T1_50-150ms,delta,0.244,0.244,0,0,0,generalization_stft_ablation_inter-subjects_sub02.csv
3,T1_50-150ms__delta,T1_50-150ms,delta,0.137,0.137,0,0,0,generalization_stft_ablation_inter-subjects_sub03.csv
4,T1_50-150ms__delta,T1_50-150ms,delta,0.193,0.193,0,0,0,generalization_stft_ablation_inter-subjects_sub04.csv
5,T1_50-150ms__delta,T1_50-150ms,delta,0.176,0.176,0,0,0,generalization_stft_ablation_inter-subjects_sub05.csv
6,T1_50-150ms__delta,T1_50-150ms,delta,0.277,0.277,0,0,0,generalization_stft_ablation_inter-subjects_sub06.csv
7,T1_50-150ms__delta,T1_50-150ms,delta,0.171,0.171,0,0,0,generalization_stft_ablation_inter-subjects_sub07.csv
8,T1_50-150ms__delta,T1_50-150ms,delta,0.199,0.199,0,0,0,generalization_stft_ablation_inter-subjects_sub08.csv
9,T1_50-150ms__delta,T1_50-150ms,delta,0.19,0.19,0,0,0,generalization_stft_ablation_inter-subjects_sub09.csv
10,T1_50-150ms__delta,T1_50-150ms,delta,0.334,0.334,0,0,0,generalization_stft_ablation_inter-subjects_sub10.csv
1,T1_50-150ms__gamma,T1_50-150ms,gamma,0.226,0.233,-0.007,-0.007,-6.07153216592e-18,generalization_stft_ablation_inter-subjects_sub01.csv
2,T1_50-150ms__gamma,T1_50-150ms,gamma,0.244,0.242,0.002,0.002,1.73472347598e-18,generalization_stft_ablation_inter-subjects_sub02.csv
3,T1_50-150ms__gamma,T1_50-150ms,gamma,0.137,0.134,0.003,0.003,2.60208521397e-18,generalization_stft_ablation_inter-subjects_sub03.csv
4,T1_50-150ms__gamma,T1_50-150ms,gamma,0.193,0.198,-0.005,-0.005,-4.33680868994e-18,generalization_stft_ablation_inter-subjects_sub04.csv
5,T1_50-150ms__gamma,T1_50-150ms,gamma,0.176,0.178,-0.002,-0.002,-1.73472347598e-18,generalization_stft_ablation_inter-subjects_sub05.csv
6,T1_50-150ms__gamma,T1_50-150ms,gamma,0.277,0.277,0,-0,0,generalization_stft_ablation_inter-subjects_sub06.csv
7,T1_50-150ms__gamma,T1_50-150ms,gamma,0.171,0.174,-0.003,-0.003,2.51534904017e-17,generalization_stft_ablation_inter-subjects_sub07.csv
8,T1_50-150ms__gamma,T1_50-150ms,gamma,0.199,0.199,0,-0,0,generalization_stft_ablation_inter-subjects_sub08.csv
9,T1_50-150ms__gamma,T1_50-150ms,gamma,0.19,0.195,-0.005,-0.005,-4.33680868994e-18,generalization_stft_ablation_inter-subjects_sub09.csv
10,T1_50-150ms__gamma,T1_50-150ms,gamma,0.334,0.335,-0.001,-0.001,-8.67361737988e-19,generalization_stft_ablation_inter-subjects_sub10.csv
1,T1_50-150ms__high_gamma,T1_50-150ms,high_gamma,0.226,0.228,-0.002,-0.002,-1.73472347598e-18,generalization_stft_ablation_inter-subjects_sub01.csv
2,T1_50-150ms__high_gamma,T1_50-150ms,high_gamma,0.244,0.244,0,0,0,generalization_stft_ablation_inter-subjects_sub02.csv
3,T1_50-150ms__high_gamma,T1_50-150ms,high_gamma,0.137,0.135,0.002,0.002,1.73472347598e-18,generalization_stft_ablation_inter-subjects_sub03.csv
4,T1_50-150ms__high_gamma,T1_50-150ms,high_gamma,0.193,0.197,-0.004,-0.004,-3.46944695195e-18,generalization_stft_ablation_inter-subjects_sub04.csv
5,T1_50-150ms__high_gamma,T1_50-150ms,high_gamma,0.176,0.18,-0.004,-0.004,-3.46944695195e-18,generalization_stft_ablation_inter-subjects_sub05.csv
6,T1_50-150ms__high_gamma,T1_50-150ms,high_gamma,0.277,0.276,0.001,0.001,8.67361737988e-19,generalization_stft_ablation_inter-subjects_sub06.csv
7,T1_50-150ms__high_gamma,T1_50-150ms,high_gamma,0.171,0.175,-0.004,-0.004,2.42861286637e-17,generalization_stft_ablation_inter-subjects_sub07.csv
8,T1_50-150ms__high_gamma,T1_50-150ms,high_gamma,0.199,0.196,0.003,0.003,2.60208521397e-18,generalization_stft_ablation_inter-subjects_sub08.csv
9,T1_50-150ms__high_gamma,T1_50-150ms,high_gamma,0.19,0.189,0.001,0.001,8.67361737988e-19,generalization_stft_ablation_inter-subjects_sub09.csv
10,T1_50-150ms__high_gamma,T1_50-150ms,high_gamma,0.334,0.335,-0.001,-0.001,-8.67361737988e-19,generalization_stft_ablation_inter-subjects_sub10.csv
1,T1_50-150ms__low_gamma,T1_50-150ms,low_gamma,0.226,0.235,-0.009,-0.009,1.90819582357e-17,generalization_stft_ablation_inter-subjects_sub01.csv
2,T1_50-150ms__low_gamma,T1_50-150ms,low_gamma,0.244,0.237,0.007,0.007,6.07153216592e-18,generalization_stft_ablation_inter-subjects_sub02.csv
3,T1_50-150ms__low_gamma,T1_50-150ms,low_gamma,0.137,0.128,0.009,0.009,8.67361737988e-18,generalization_stft_ablation_inter-subjects_sub03.csv
4,T1_50-150ms__low_gamma,T1_50-150ms,low_gamma,0.193,0.196,-0.003,-0.003,-2.60208521397e-18,generalization_stft_ablation_inter-subjects_sub04.csv
5,T1_50-150ms__low_gamma,T1_50-150ms,low_gamma,0.176,0.172,0.004,0.004,3.46944695195e-18,generalization_stft_ablation_inter-subjects_sub05.csv
6,T1_50-150ms__low_gamma,T1_50-150ms,low_gamma,0.277,0.277,0,0,0,generalization_stft_ablation_inter-subjects_sub06.csv
7,T1_50-150ms__low_gamma,T1_50-150ms,low_gamma,0.171,0.172,-0.001,-0.001,2.68882138776e-17,generalization_stft_ablation_inter-subjects_sub07.csv
8,T1_50-150ms__low_gamma,T1_50-150ms,low_gamma,0.199,0.193,0.006,0.006,5.20417042793e-18,generalization_stft_ablation_inter-subjects_sub08.csv
9,T1_50-150ms__low_gamma,T1_50-150ms,low_gamma,0.19,0.19,0,0,0,generalization_stft_ablation_inter-subjects_sub09.csv
10,T1_50-150ms__low_gamma,T1_50-150ms,low_gamma,0.334,0.332,0.002,0.002,1.73472347598e-18,generalization_stft_ablation_inter-subjects_sub10.csv
1,T1_50-150ms__theta,T1_50-150ms,theta,0.226,0.226,0,0,0,generalization_stft_ablation_inter-subjects_sub01.csv
2,T1_50-150ms__theta,T1_50-150ms,theta,0.244,0.244,0,0,0,generalization_stft_ablation_inter-subjects_sub02.csv
3,T1_50-150ms__theta,T1_50-150ms,theta,0.137,0.137,0,0,0,generalization_stft_ablation_inter-subjects_sub03.csv
4,T1_50-150ms__theta,T1_50-150ms,theta,0.193,0.193,0,0,0,generalization_stft_ablation_inter-subjects_sub04.csv
5,T1_50-150ms__theta,T1_50-150ms,theta,0.176,0.176,0,0,0,generalization_stft_ablation_inter-subjects_sub05.csv
6,T1_50-150ms__theta,T1_50-150ms,theta,0.277,0.277,0,0,0,generalization_stft_ablation_inter-subjects_sub06.csv
7,T1_50-150ms__theta,T1_50-150ms,theta,0.171,0.171,0,0,0,generalization_stft_ablation_inter-subjects_sub07.csv
8,T1_50-150ms__theta,T1_50-150ms,theta,0.199,0.199,0,0,0,generalization_stft_ablation_inter-subjects_sub08.csv
9,T1_50-150ms__theta,T1_50-150ms,theta,0.19,0.19,0,0,0,generalization_stft_ablation_inter-subjects_sub09.csv
10,T1_50-150ms__theta,T1_50-150ms,theta,0.334,0.334,0,0,0,generalization_stft_ablation_inter-subjects_sub10.csv
1,T2_150-300ms__alpha,T2_150-300ms,alpha,0.226,0.231,-0.005,-0.005,-4.33680868994e-18,generalization_stft_ablation_inter-subjects_sub01.csv
2,T2_150-300ms__alpha,T2_150-300ms,alpha,0.244,0.233,0.011,0.011,-1.73472347598e-17,generalization_stft_ablation_inter-subjects_sub02.csv
3,T2_150-300ms__alpha,T2_150-300ms,alpha,0.137,0.121,0.016,0.016,1.38777878078e-17,generalization_stft_ablation_inter-subjects_sub03.csv
4,T2_150-300ms__alpha,T2_150-300ms,alpha,0.193,0.19,0.003,0.003,2.60208521397e-18,generalization_stft_ablation_inter-subjects_sub04.csv
5,T2_150-300ms__alpha,T2_150-300ms,alpha,0.176,0.149,0.027,0.027,-3.46944695195e-18,generalization_stft_ablation_inter-subjects_sub05.csv
6,T2_150-300ms__alpha,T2_150-300ms,alpha,0.277,0.247,0.03,0.03,2.77555756156e-17,generalization_stft_ablation_inter-subjects_sub06.csv
7,T2_150-300ms__alpha,T2_150-300ms,alpha,0.171,0.165,0.006,0.006,5.20417042793e-18,generalization_stft_ablation_inter-subjects_sub07.csv
8,T2_150-300ms__alpha,T2_150-300ms,alpha,0.199,0.193,0.006,0.006,5.20417042793e-18,generalization_stft_ablation_inter-subjects_sub08.csv
9,T2_150-300ms__alpha,T2_150-300ms,alpha,0.19,0.185,0.005,0.005,4.33680868994e-18,generalization_stft_ablation_inter-subjects_sub09.csv
10,T2_150-300ms__alpha,T2_150-300ms,alpha,0.334,0.287,0.047,0.047,4.16333634234e-17,generalization_stft_ablation_inter-subjects_sub10.csv
1,T2_150-300ms__beta,T2_150-300ms,beta,0.226,0.205,0.021,0.021,1.73472347598e-17,generalization_stft_ablation_inter-subjects_sub01.csv
2,T2_150-300ms__beta,T2_150-300ms,beta,0.244,0.211,0.033,0.033,0,generalization_stft_ablation_inter-subjects_sub02.csv
3,T2_150-300ms__beta,T2_150-300ms,beta,0.137,0.109,0.028,0.028,1.04083408559e-17,generalization_stft_ablation_inter-subjects_sub03.csv
4,T2_150-300ms__beta,T2_150-300ms,beta,0.193,0.161,0.032,0.032,0,generalization_stft_ablation_inter-subjects_sub04.csv
5,T2_150-300ms__beta,T2_150-300ms,beta,0.176,0.129,0.047,0.047,-1.38777878078e-17,generalization_stft_ablation_inter-subjects_sub05.csv
6,T2_150-300ms__beta,T2_150-300ms,beta,0.277,0.136,0.141,0.141,2.77555756156e-17,generalization_stft_ablation_inter-subjects_sub06.csv
7,T2_150-300ms__beta,T2_150-300ms,beta,0.171,0.125,0.046,0.046,1.38777878078e-17,generalization_stft_ablation_inter-subjects_sub07.csv
8,T2_150-300ms__beta,T2_150-300ms,beta,0.199,0.177,0.022,0.022,2.08166817117e-17,generalization_stft_ablation_inter-subjects_sub08.csv
9,T2_150-300ms__beta,T2_150-300ms,beta,0.19,0.164,0.026,0.026,-3.46944695195e-18,generalization_stft_ablation_inter-subjects_sub09.csv
10,T2_150-300ms__beta,T2_150-300ms,beta,0.334,0.271,0.063,0.063,0,generalization_stft_ablation_inter-subjects_sub10.csv
1,T2_150-300ms__delta,T2_150-300ms,delta,0.226,0.148,0.078,0.078,1.38777878078e-17,generalization_stft_ablation_inter-subjects_sub01.csv
2,T2_150-300ms__delta,T2_150-300ms,delta,0.244,0.161,0.083,0.083,-1.38777878078e-17,generalization_stft_ablation_inter-subjects_sub02.csv
3,T2_150-300ms__delta,T2_150-300ms,delta,0.137,0.077,0.06,0.06,1.38777878078e-17,generalization_stft_ablation_inter-subjects_sub03.csv
4,T2_150-300ms__delta,T2_150-300ms,delta,0.193,0.158,0.035,0.035,0,generalization_stft_ablation_inter-subjects_sub04.csv
5,T2_150-300ms__delta,T2_150-300ms,delta,0.176,0.112,0.064,0.064,-1.38777878078e-17,generalization_stft_ablation_inter-subjects_sub05.csv
6,T2_150-300ms__delta,T2_150-300ms,delta,0.277,0.232,0.045,0.045,1.38777878078e-17,generalization_stft_ablation_inter-subjects_sub06.csv
7,T2_150-300ms__delta,T2_150-300ms,delta,0.171,0.15,0.021,0.021,1.73472347598e-17,generalization_stft_ablation_inter-subjects_sub07.csv
8,T2_150-300ms__delta,T2_150-300ms,delta,0.199,0.177,0.022,0.022,2.08166817117e-17,generalization_stft_ablation_inter-subjects_sub08.csv
9,T2_150-300ms__delta,T2_150-300ms,delta,0.19,0.145,0.045,0.045,1.38777878078e-17,generalization_stft_ablation_inter-subjects_sub09.csv
10,T2_150-300ms__delta,T2_150-300ms,delta,0.334,0.223,0.111,0.111,1.38777878078e-17,generalization_stft_ablation_inter-subjects_sub10.csv
1,T2_150-300ms__gamma,T2_150-300ms,gamma,0.226,0.233,-0.007,-0.007,-6.07153216592e-18,generalization_stft_ablation_inter-subjects_sub01.csv
2,T2_150-300ms__gamma,T2_150-300ms,gamma,0.244,0.245,-0.001,-0.001,-8.67361737988e-19,generalization_stft_ablation_inter-subjects_sub02.csv
3,T2_150-300ms__gamma,T2_150-300ms,gamma,0.137,0.135,0.002,0.002,1.73472347598e-18,generalization_stft_ablation_inter-subjects_sub03.csv
4,T2_150-300ms__gamma,T2_150-300ms,gamma,0.193,0.194,-0.001,-0.001,-8.67361737988e-19,generalization_stft_ablation_inter-subjects_sub04.csv
5,T2_150-300ms__gamma,T2_150-300ms,gamma,0.176,0.174,0.002,0.002,1.73472347598e-18,generalization_stft_ablation_inter-subjects_sub05.csv
6,T2_150-300ms__gamma,T2_150-300ms,gamma,0.277,0.277,0,-0,0,generalization_stft_ablation_inter-subjects_sub06.csv
7,T2_150-300ms__gamma,T2_150-300ms,gamma,0.171,0.173,-0.002,-0.002,2.60208521397e-17,generalization_stft_ablation_inter-subjects_sub07.csv
8,T2_150-300ms__gamma,T2_150-300ms,gamma,0.199,0.196,0.003,0.003,2.60208521397e-18,generalization_stft_ablation_inter-subjects_sub08.csv
9,T2_150-300ms__gamma,T2_150-300ms,gamma,0.19,0.19,0,0,0,generalization_stft_ablation_inter-subjects_sub09.csv
10,T2_150-300ms__gamma,T2_150-300ms,gamma,0.334,0.336,-0.002,-0.002,-1.73472347598e-18,generalization_stft_ablation_inter-subjects_sub10.csv
1,T2_150-300ms__high_gamma,T2_150-300ms,high_gamma,0.226,0.227,-0.001,-0.001,-8.67361737988e-19,generalization_stft_ablation_inter-subjects_sub01.csv
2,T2_150-300ms__high_gamma,T2_150-300ms,high_gamma,0.244,0.244,0,-0,0,generalization_stft_ablation_inter-subjects_sub02.csv
3,T2_150-300ms__high_gamma,T2_150-300ms,high_gamma,0.137,0.137,0,0,0,generalization_stft_ablation_inter-subjects_sub03.csv
4,T2_150-300ms__high_gamma,T2_150-300ms,high_gamma,0.193,0.193,0,0,0,generalization_stft_ablation_inter-subjects_sub04.csv
5,T2_150-300ms__high_gamma,T2_150-300ms,high_gamma,0.176,0.173,0.003,0.003,2.60208521397e-18,generalization_stft_ablation_inter-subjects_sub05.csv
6,T2_150-300ms__high_gamma,T2_150-300ms,high_gamma,0.277,0.276,0.001,0.001,8.67361737988e-19,generalization_stft_ablation_inter-subjects_sub06.csv
7,T2_150-300ms__high_gamma,T2_150-300ms,high_gamma,0.171,0.174,-0.003,-0.003,2.51534904017e-17,generalization_stft_ablation_inter-subjects_sub07.csv
8,T2_150-300ms__high_gamma,T2_150-300ms,high_gamma,0.199,0.198,0.001,0.001,8.67361737988e-19,generalization_stft_ablation_inter-subjects_sub08.csv
9,T2_150-300ms__high_gamma,T2_150-300ms,high_gamma,0.19,0.191,-0.001,-0.001,-8.67361737988e-19,generalization_stft_ablation_inter-subjects_sub09.csv
10,T2_150-300ms__high_gamma,T2_150-300ms,high_gamma,0.334,0.338,-0.004,-0.004,-3.46944695195e-18,generalization_stft_ablation_inter-subjects_sub10.csv
1,T2_150-300ms__low_gamma,T2_150-300ms,low_gamma,0.226,0.234,-0.008,-0.008,-6.93889390391e-18,generalization_stft_ablation_inter-subjects_sub01.csv
2,T2_150-300ms__low_gamma,T2_150-300ms,low_gamma,0.244,0.246,-0.002,-0.002,-1.73472347598e-18,generalization_stft_ablation_inter-subjects_sub02.csv
3,T2_150-300ms__low_gamma,T2_150-300ms,low_gamma,0.137,0.131,0.006,0.006,5.20417042793e-18,generalization_stft_ablation_inter-subjects_sub03.csv
4,T2_150-300ms__low_gamma,T2_150-300ms,low_gamma,0.193,0.192,0.001,0.001,8.67361737988e-19,generalization_stft_ablation_inter-subjects_sub04.csv
5,T2_150-300ms__low_gamma,T2_150-300ms,low_gamma,0.176,0.172,0.004,0.004,3.46944695195e-18,generalization_stft_ablation_inter-subjects_sub05.csv
6,T2_150-300ms__low_gamma,T2_150-300ms,low_gamma,0.277,0.282,-0.005,-0.005,5.11743425413e-17,generalization_stft_ablation_inter-subjects_sub06.csv
7,T2_150-300ms__low_gamma,T2_150-300ms,low_gamma,0.171,0.174,-0.003,-0.003,2.51534904017e-17,generalization_stft_ablation_inter-subjects_sub07.csv
8,T2_150-300ms__low_gamma,T2_150-300ms,low_gamma,0.199,0.2,-0.001,-0.001,-8.67361737988e-19,generalization_stft_ablation_inter-subjects_sub08.csv
9,T2_150-300ms__low_gamma,T2_150-300ms,low_gamma,0.19,0.188,0.002,0.002,1.73472347598e-18,generalization_stft_ablation_inter-subjects_sub09.csv
10,T2_150-300ms__low_gamma,T2_150-300ms,low_gamma,0.334,0.334,0,0,0,generalization_stft_ablation_inter-subjects_sub10.csv
1,T2_150-300ms__theta,T2_150-300ms,theta,0.226,0.203,0.023,0.023,-6.93889390391e-18,generalization_stft_ablation_inter-subjects_sub01.csv
2,T2_150-300ms__theta,T2_150-300ms,theta,0.244,0.202,0.042,0.042,-2.08166817117e-17,generalization_stft_ablation_inter-subjects_sub02.csv
3,T2_150-300ms__theta,T2_150-300ms,theta,0.137,0.099,0.038,0.038,6.93889390391e-18,generalization_stft_ablation_inter-subjects_sub03.csv
4,T2_150-300ms__theta,T2_150-300ms,theta,0.193,0.174,0.019,0.019,1.73472347598e-17,generalization_stft_ablation_inter-subjects_sub04.csv
5,T2_150-300ms__theta,T2_150-300ms,theta,0.176,0.138,0.038,0.038,-2.08166817117e-17,generalization_stft_ablation_inter-subjects_sub05.csv
6,T2_150-300ms__theta,T2_150-300ms,theta,0.277,0.248,0.029,0.029,2.42861286637e-17,generalization_stft_ablation_inter-subjects_sub06.csv
7,T2_150-300ms__theta,T2_150-300ms,theta,0.171,0.162,0.009,0.009,8.67361737988e-18,generalization_stft_ablation_inter-subjects_sub07.csv
8,T2_150-300ms__theta,T2_150-300ms,theta,0.199,0.192,0.007,0.007,6.07153216592e-18,generalization_stft_ablation_inter-subjects_sub08.csv
9,T2_150-300ms__theta,T2_150-300ms,theta,0.19,0.173,0.017,0.017,1.38777878078e-17,generalization_stft_ablation_inter-subjects_sub09.csv
10,T2_150-300ms__theta,T2_150-300ms,theta,0.334,0.262,0.072,0.072,1.38777878078e-17,generalization_stft_ablation_inter-subjects_sub10.csv
1,T3_300-500ms__alpha,T3_300-500ms,alpha,0.226,0.215,0.011,0.011,1.04083408559e-17,generalization_stft_ablation_inter-subjects_sub01.csv
2,T3_300-500ms__alpha,T3_300-500ms,alpha,0.244,0.232,0.012,0.012,-1.73472347598e-17,generalization_stft_ablation_inter-subjects_sub02.csv
3,T3_300-500ms__alpha,T3_300-500ms,alpha,0.137,0.12,0.017,0.017,1.38777878078e-17,generalization_stft_ablation_inter-subjects_sub03.csv
4,T3_300-500ms__alpha,T3_300-500ms,alpha,0.193,0.189,0.004,0.004,3.46944695195e-18,generalization_stft_ablation_inter-subjects_sub04.csv
5,T3_300-500ms__alpha,T3_300-500ms,alpha,0.176,0.176,0,0,0,generalization_stft_ablation_inter-subjects_sub05.csv
6,T3_300-500ms__alpha,T3_300-500ms,alpha,0.277,0.264,0.013,0.013,1.21430643318e-17,generalization_stft_ablation_inter-subjects_sub06.csv
7,T3_300-500ms__alpha,T3_300-500ms,alpha,0.171,0.159,0.012,0.012,1.04083408559e-17,generalization_stft_ablation_inter-subjects_sub07.csv
8,T3_300-500ms__alpha,T3_300-500ms,alpha,0.199,0.202,-0.003,-0.003,-2.60208521397e-18,generalization_stft_ablation_inter-subjects_sub08.csv
9,T3_300-500ms__alpha,T3_300-500ms,alpha,0.19,0.191,-0.001,-0.001,-8.67361737988e-19,generalization_stft_ablation_inter-subjects_sub09.csv
10,T3_300-500ms__alpha,T3_300-500ms,alpha,0.334,0.308,0.026,0.026,2.42861286637e-17,generalization_stft_ablation_inter-subjects_sub10.csv
1,T3_300-500ms__beta,T3_300-500ms,beta,0.226,0.202,0.024,0.024,-6.93889390391e-18,generalization_stft_ablation_inter-subjects_sub01.csv
2,T3_300-500ms__beta,T3_300-500ms,beta,0.244,0.212,0.032,0.032,0,generalization_stft_ablation_inter-subjects_sub02.csv
3,T3_300-500ms__beta,T3_300-500ms,beta,0.137,0.105,0.032,0.032,1.38777878078e-17,generalization_stft_ablation_inter-subjects_sub03.csv
4,T3_300-500ms__beta,T3_300-500ms,beta,0.193,0.188,0.005,0.005,4.33680868994e-18,generalization_stft_ablation_inter-subjects_sub04.csv
5,T3_300-500ms__beta,T3_300-500ms,beta,0.176,0.178,-0.002,-0.002,-1.73472347598e-18,generalization_stft_ablation_inter-subjects_sub05.csv
6,T3_300-500ms__beta,T3_300-500ms,beta,0.277,0.226,0.051,0.051,2.08166817117e-17,generalization_stft_ablation_inter-subjects_sub06.csv
7,T3_300-500ms__beta,T3_300-500ms,beta,0.171,0.159,0.012,0.012,1.04083408559e-17,generalization_stft_ablation_inter-subjects_sub07.csv
8,T3_300-500ms__beta,T3_300-500ms,beta,0.199,0.201,-0.002,-0.002,-1.73472347598e-18,generalization_stft_ablation_inter-subjects_sub08.csv
9,T3_300-500ms__beta,T3_300-500ms,beta,0.19,0.171,0.019,0.019,-1.04083408559e-17,generalization_stft_ablation_inter-subjects_sub09.csv
10,T3_300-500ms__beta,T3_300-500ms,beta,0.334,0.265,0.069,0.069,0,generalization_stft_ablation_inter-subjects_sub10.csv
1,T3_300-500ms__delta,T3_300-500ms,delta,0.226,0.174,0.052,0.052,2.08166817117e-17,generalization_stft_ablation_inter-subjects_sub01.csv
2,T3_300-500ms__delta,T3_300-500ms,delta,0.244,0.184,0.06,0.06,0,generalization_stft_ablation_inter-subjects_sub02.csv
3,T3_300-500ms__delta,T3_300-500ms,delta,0.137,0.108,0.029,0.029,1.04083408559e-17,generalization_stft_ablation_inter-subjects_sub03.csv
4,T3_300-500ms__delta,T3_300-500ms,delta,0.193,0.162,0.031,0.031,0,generalization_stft_ablation_inter-subjects_sub04.csv
5,T3_300-500ms__delta,T3_300-500ms,delta,0.176,0.145,0.031,0.031,0,generalization_stft_ablation_inter-subjects_sub05.csv
6,T3_300-500ms__delta,T3_300-500ms,delta,0.277,0.211,0.066,0.066,2.77555756156e-17,generalization_stft_ablation_inter-subjects_sub06.csv
7,T3_300-500ms__delta,T3_300-500ms,delta,0.171,0.11,0.061,0.061,1.38777878078e-17,generalization_stft_ablation_inter-subjects_sub07.csv
8,T3_300-500ms__delta,T3_300-500ms,delta,0.199,0.176,0.023,0.023,2.08166817117e-17,generalization_stft_ablation_inter-subjects_sub08.csv
9,T3_300-500ms__delta,T3_300-500ms,delta,0.19,0.169,0.021,0.021,-1.04083408559e-17,generalization_stft_ablation_inter-subjects_sub09.csv
10,T3_300-500ms__delta,T3_300-500ms,delta,0.334,0.291,0.043,0.043,4.16333634234e-17,generalization_stft_ablation_inter-subjects_sub10.csv
1,T3_300-500ms__gamma,T3_300-500ms,gamma,0.226,0.23,-0.004,-0.004,-3.46944695195e-18,generalization_stft_ablation_inter-subjects_sub01.csv
2,T3_300-500ms__gamma,T3_300-500ms,gamma,0.244,0.244,0,-0,0,generalization_stft_ablation_inter-subjects_sub02.csv
3,T3_300-500ms__gamma,T3_300-500ms,gamma,0.137,0.135,0.002,0.002,1.73472347598e-18,generalization_stft_ablation_inter-subjects_sub03.csv
4,T3_300-500ms__gamma,T3_300-500ms,gamma,0.193,0.195,-0.002,-0.002,-1.73472347598e-18,generalization_stft_ablation_inter-subjects_sub04.csv
5,T3_300-500ms__gamma,T3_300-500ms,gamma,0.176,0.174,0.002,0.002,1.73472347598e-18,generalization_stft_ablation_inter-subjects_sub05.csv
6,T3_300-500ms__gamma,T3_300-500ms,gamma,0.277,0.277,0,-0,0,generalization_stft_ablation_inter-subjects_sub06.csv
7,T3_300-500ms__gamma,T3_300-500ms,gamma,0.171,0.175,-0.004,-0.004,2.42861286637e-17,generalization_stft_ablation_inter-subjects_sub07.csv
8,T3_300-500ms__gamma,T3_300-500ms,gamma,0.199,0.2,-0.001,-0.001,-8.67361737988e-19,generalization_stft_ablation_inter-subjects_sub08.csv
9,T3_300-500ms__gamma,T3_300-500ms,gamma,0.19,0.191,-0.001,-0.001,-8.67361737988e-19,generalization_stft_ablation_inter-subjects_sub09.csv
10,T3_300-500ms__gamma,T3_300-500ms,gamma,0.334,0.334,0,-0,0,generalization_stft_ablation_inter-subjects_sub10.csv
1,T3_300-500ms__high_gamma,T3_300-500ms,high_gamma,0.226,0.232,-0.006,-0.006,-5.20417042793e-18,generalization_stft_ablation_inter-subjects_sub01.csv
2,T3_300-500ms__high_gamma,T3_300-500ms,high_gamma,0.244,0.245,-0.001,-0.001,-8.67361737988e-19,generalization_stft_ablation_inter-subjects_sub02.csv
3,T3_300-500ms__high_gamma,T3_300-500ms,high_gamma,0.137,0.135,0.002,0.002,1.73472347598e-18,generalization_stft_ablation_inter-subjects_sub03.csv
4,T3_300-500ms__high_gamma,T3_300-500ms,high_gamma,0.193,0.194,-0.001,-0.001,-8.67361737988e-19,generalization_stft_ablation_inter-subjects_sub04.csv
5,T3_300-500ms__high_gamma,T3_300-500ms,high_gamma,0.176,0.176,0,0,0,generalization_stft_ablation_inter-subjects_sub05.csv
6,T3_300-500ms__high_gamma,T3_300-500ms,high_gamma,0.277,0.277,0,0,0,generalization_stft_ablation_inter-subjects_sub06.csv
7,T3_300-500ms__high_gamma,T3_300-500ms,high_gamma,0.171,0.172,-0.001,-0.001,2.68882138776e-17,generalization_stft_ablation_inter-subjects_sub07.csv
8,T3_300-500ms__high_gamma,T3_300-500ms,high_gamma,0.199,0.198,0.001,0.001,8.67361737988e-19,generalization_stft_ablation_inter-subjects_sub08.csv
9,T3_300-500ms__high_gamma,T3_300-500ms,high_gamma,0.19,0.192,-0.002,-0.002,-1.73472347598e-18,generalization_stft_ablation_inter-subjects_sub09.csv
10,T3_300-500ms__high_gamma,T3_300-500ms,high_gamma,0.334,0.334,0,-0,0,generalization_stft_ablation_inter-subjects_sub10.csv
1,T3_300-500ms__low_gamma,T3_300-500ms,low_gamma,0.226,0.242,-0.016,-0.016,1.38777878078e-17,generalization_stft_ablation_inter-subjects_sub01.csv
2,T3_300-500ms__low_gamma,T3_300-500ms,low_gamma,0.244,0.241,0.003,0.003,2.60208521397e-18,generalization_stft_ablation_inter-subjects_sub02.csv
3,T3_300-500ms__low_gamma,T3_300-500ms,low_gamma,0.137,0.13,0.007,0.007,6.07153216592e-18,generalization_stft_ablation_inter-subjects_sub03.csv
4,T3_300-500ms__low_gamma,T3_300-500ms,low_gamma,0.193,0.196,-0.003,-0.003,-2.60208521397e-18,generalization_stft_ablation_inter-subjects_sub04.csv
5,T3_300-500ms__low_gamma,T3_300-500ms,low_gamma,0.176,0.174,0.002,0.002,1.73472347598e-18,generalization_stft_ablation_inter-subjects_sub05.csv
6,T3_300-500ms__low_gamma,T3_300-500ms,low_gamma,0.277,0.277,0,0,0,generalization_stft_ablation_inter-subjects_sub06.csv
7,T3_300-500ms__low_gamma,T3_300-500ms,low_gamma,0.171,0.173,-0.002,-0.002,2.60208521397e-17,generalization_stft_ablation_inter-subjects_sub07.csv
8,T3_300-500ms__low_gamma,T3_300-500ms,low_gamma,0.199,0.2,-0.001,-0.001,-8.67361737988e-19,generalization_stft_ablation_inter-subjects_sub08.csv
9,T3_300-500ms__low_gamma,T3_300-500ms,low_gamma,0.19,0.193,-0.003,-0.003,-2.60208521397e-18,generalization_stft_ablation_inter-subjects_sub09.csv
10,T3_300-500ms__low_gamma,T3_300-500ms,low_gamma,0.334,0.328,0.006,0.006,5.20417042793e-18,generalization_stft_ablation_inter-subjects_sub10.csv
1,T3_300-500ms__theta,T3_300-500ms,theta,0.226,0.211,0.015,0.015,1.38777878078e-17,generalization_stft_ablation_inter-subjects_sub01.csv
2,T3_300-500ms__theta,T3_300-500ms,theta,0.244,0.217,0.027,0.027,-3.46944695195e-18,generalization_stft_ablation_inter-subjects_sub02.csv
3,T3_300-500ms__theta,T3_300-500ms,theta,0.137,0.117,0.02,0.02,3.46944695195e-18,generalization_stft_ablation_inter-subjects_sub03.csv
4,T3_300-500ms__theta,T3_300-500ms,theta,0.193,0.177,0.016,0.016,1.38777878078e-17,generalization_stft_ablation_inter-subjects_sub04.csv
5,T3_300-500ms__theta,T3_300-500ms,theta,0.176,0.171,0.005,0.005,-2.34187669257e-17,generalization_stft_ablation_inter-subjects_sub05.csv
6,T3_300-500ms__theta,T3_300-500ms,theta,0.277,0.239,0.038,0.038,3.46944695195e-17,generalization_stft_ablation_inter-subjects_sub06.csv
7,T3_300-500ms__theta,T3_300-500ms,theta,0.171,0.126,0.045,0.045,1.38777878078e-17,generalization_stft_ablation_inter-subjects_sub07.csv
8,T3_300-500ms__theta,T3_300-500ms,theta,0.199,0.199,0,0,0,generalization_stft_ablation_inter-subjects_sub08.csv
9,T3_300-500ms__theta,T3_300-500ms,theta,0.19,0.184,0.006,0.006,5.20417042793e-18,generalization_stft_ablation_inter-subjects_sub09.csv
10,T3_300-500ms__theta,T3_300-500ms,theta,0.334,0.305,0.029,0.029,2.42861286637e-17,generalization_stft_ablation_inter-subjects_sub10.csv
1,T4_500-800ms__alpha,T4_500-800ms,alpha,0.226,0.216,0.01,0.01,8.67361737988e-18,generalization_stft_ablation_inter-subjects_sub01.csv
2,T4_500-800ms__alpha,T4_500-800ms,alpha,0.244,0.242,0.002,0.002,1.73472347598e-18,generalization_stft_ablation_inter-subjects_sub02.csv
3,T4_500-800ms__alpha,T4_500-800ms,alpha,0.137,0.128,0.009,0.009,8.67361737988e-18,generalization_stft_ablation_inter-subjects_sub03.csv
4,T4_500-800ms__alpha,T4_500-800ms,alpha,0.193,0.19,0.003,0.003,2.60208521397e-18,generalization_stft_ablation_inter-subjects_sub04.csv
5,T4_500-800ms__alpha,T4_500-800ms,alpha,0.176,0.176,0,-0,0,generalization_stft_ablation_inter-subjects_sub05.csv
6,T4_500-800ms__alpha,T4_500-800ms,alpha,0.277,0.278,-0.001,-0.001,-8.67361737988e-19,generalization_stft_ablation_inter-subjects_sub06.csv
7,T4_500-800ms__alpha,T4_500-800ms,alpha,0.171,0.173,-0.002,-0.002,2.60208521397e-17,generalization_stft_ablation_inter-subjects_sub07.csv
8,T4_500-800ms__alpha,T4_500-800ms,alpha,0.199,0.203,-0.004,-0.004,-3.46944695195e-18,generalization_stft_ablation_inter-subjects_sub08.csv
9,T4_500-800ms__alpha,T4_500-800ms,alpha,0.19,0.197,-0.007,-0.007,-6.07153216592e-18,generalization_stft_ablation_inter-subjects_sub09.csv
10,T4_500-800ms__alpha,T4_500-800ms,alpha,0.334,0.322,0.012,0.012,1.04083408559e-17,generalization_stft_ablation_inter-subjects_sub10.csv
1,T4_500-800ms__beta,T4_500-800ms,beta,0.226,0.212,0.014,0.014,1.21430643318e-17,generalization_stft_ablation_inter-subjects_sub01.csv
2,T4_500-800ms__beta,T4_500-800ms,beta,0.244,0.236,0.008,0.008,6.93889390391e-18,generalization_stft_ablation_inter-subjects_sub02.csv
3,T4_500-800ms__beta,T4_500-800ms,beta,0.137,0.129,0.008,0.008,6.93889390391e-18,generalization_stft_ablation_inter-subjects_sub03.csv
4,T4_500-800ms__beta,T4_500-800ms,beta,0.193,0.181,0.012,0.012,1.04083408559e-17,generalization_stft_ablation_inter-subjects_sub04.csv
5,T4_500-800ms__beta,T4_500-800ms,beta,0.176,0.173,0.003,0.003,2.60208521397e-18,generalization_stft_ablation_inter-subjects_sub05.csv
6,T4_500-800ms__beta,T4_500-800ms,beta,0.277,0.282,-0.005,-0.005,5.11743425413e-17,generalization_stft_ablation_inter-subjects_sub06.csv
7,T4_500-800ms__beta,T4_500-800ms,beta,0.171,0.164,0.007,0.007,6.07153216592e-18,generalization_stft_ablation_inter-subjects_sub07.csv
8,T4_500-800ms__beta,T4_500-800ms,beta,0.199,0.198,0.001,0.001,8.67361737988e-19,generalization_stft_ablation_inter-subjects_sub08.csv
9,T4_500-800ms__beta,T4_500-800ms,beta,0.19,0.184,0.006,0.006,5.20417042793e-18,generalization_stft_ablation_inter-subjects_sub09.csv
10,T4_500-800ms__beta,T4_500-800ms,beta,0.334,0.309,0.025,0.025,2.08166817117e-17,generalization_stft_ablation_inter-subjects_sub10.csv
1,T4_500-800ms__delta,T4_500-800ms,delta,0.226,0.213,0.013,0.013,1.21430643318e-17,generalization_stft_ablation_inter-subjects_sub01.csv
2,T4_500-800ms__delta,T4_500-800ms,delta,0.244,0.24,0.004,0.004,3.46944695195e-18,generalization_stft_ablation_inter-subjects_sub02.csv
3,T4_500-800ms__delta,T4_500-800ms,delta,0.137,0.117,0.02,0.02,3.46944695195e-18,generalization_stft_ablation_inter-subjects_sub03.csv
4,T4_500-800ms__delta,T4_500-800ms,delta,0.193,0.178,0.015,0.015,1.38777878078e-17,generalization_stft_ablation_inter-subjects_sub04.csv
5,T4_500-800ms__delta,T4_500-800ms,delta,0.176,0.162,0.014,0.014,-1.56125112838e-17,generalization_stft_ablation_inter-subjects_sub05.csv
6,T4_500-800ms__delta,T4_500-800ms,delta,0.277,0.251,0.026,0.026,2.42861286637e-17,generalization_stft_ablation_inter-subjects_sub06.csv
7,T4_500-800ms__delta,T4_500-800ms,delta,0.171,0.15,0.021,0.021,1.73472347598e-17,generalization_stft_ablation_inter-subjects_sub07.csv
8,T4_500-800ms__delta,T4_500-800ms,delta,0.199,0.198,0.001,0.001,8.67361737988e-19,generalization_stft_ablation_inter-subjects_sub08.csv
9,T4_500-800ms__delta,T4_500-800ms,delta,0.19,0.2,-0.01,-0.01,-8.67361737988e-18,generalization_stft_ablation_inter-subjects_sub09.csv
10,T4_500-800ms__delta,T4_500-800ms,delta,0.334,0.309,0.025,0.025,2.08166817117e-17,generalization_stft_ablation_inter-subjects_sub10.csv
1,T4_500-800ms__gamma,T4_500-800ms,gamma,0.226,0.229,-0.003,-0.003,-2.60208521397e-18,generalization_stft_ablation_inter-subjects_sub01.csv
2,T4_500-800ms__gamma,T4_500-800ms,gamma,0.244,0.244,0,0,0,generalization_stft_ablation_inter-subjects_sub02.csv
3,T4_500-800ms__gamma,T4_500-800ms,gamma,0.137,0.135,0.002,0.002,1.73472347598e-18,generalization_stft_ablation_inter-subjects_sub03.csv
4,T4_500-800ms__gamma,T4_500-800ms,gamma,0.193,0.194,-0.001,-0.001,-8.67361737988e-19,generalization_stft_ablation_inter-subjects_sub04.csv
5,T4_500-800ms__gamma,T4_500-800ms,gamma,0.176,0.176,0,0,0,generalization_stft_ablation_inter-subjects_sub05.csv
6,T4_500-800ms__gamma,T4_500-800ms,gamma,0.277,0.277,0,0,0,generalization_stft_ablation_inter-subjects_sub06.csv
7,T4_500-800ms__gamma,T4_500-800ms,gamma,0.171,0.168,0.003,0.003,2.60208521397e-18,generalization_stft_ablation_inter-subjects_sub07.csv
8,T4_500-800ms__gamma,T4_500-800ms,gamma,0.199,0.199,0,0,0,generalization_stft_ablation_inter-subjects_sub08.csv
9,T4_500-800ms__gamma,T4_500-800ms,gamma,0.19,0.191,-0.001,-0.001,-8.67361737988e-19,generalization_stft_ablation_inter-subjects_sub09.csv
10,T4_500-800ms__gamma,T4_500-800ms,gamma,0.334,0.334,0,-0,0,generalization_stft_ablation_inter-subjects_sub10.csv
1,T4_500-800ms__high_gamma,T4_500-800ms,high_gamma,0.226,0.227,-0.001,-0.001,-8.67361737988e-19,generalization_stft_ablation_inter-subjects_sub01.csv
2,T4_500-800ms__high_gamma,T4_500-800ms,high_gamma,0.244,0.243,0.001,0.001,8.67361737988e-19,generalization_stft_ablation_inter-subjects_sub02.csv
3,T4_500-800ms__high_gamma,T4_500-800ms,high_gamma,0.137,0.135,0.002,0.002,1.73472347598e-18,generalization_stft_ablation_inter-subjects_sub03.csv
4,T4_500-800ms__high_gamma,T4_500-800ms,high_gamma,0.193,0.196,-0.003,-0.003,-2.60208521397e-18,generalization_stft_ablation_inter-subjects_sub04.csv
5,T4_500-800ms__high_gamma,T4_500-800ms,high_gamma,0.176,0.175,0.001,0.001,8.67361737988e-19,generalization_stft_ablation_inter-subjects_sub05.csv
6,T4_500-800ms__high_gamma,T4_500-800ms,high_gamma,0.277,0.28,-0.003,-0.003,-2.60208521397e-18,generalization_stft_ablation_inter-subjects_sub06.csv
7,T4_500-800ms__high_gamma,T4_500-800ms,high_gamma,0.171,0.167,0.004,0.004,3.46944695195e-18,generalization_stft_ablation_inter-subjects_sub07.csv
8,T4_500-800ms__high_gamma,T4_500-800ms,high_gamma,0.199,0.202,-0.003,-0.003,-2.60208521397e-18,generalization_stft_ablation_inter-subjects_sub08.csv
9,T4_500-800ms__high_gamma,T4_500-800ms,high_gamma,0.19,0.192,-0.002,-0.002,-1.73472347598e-18,generalization_stft_ablation_inter-subjects_sub09.csv
10,T4_500-800ms__high_gamma,T4_500-800ms,high_gamma,0.334,0.334,0,0,0,generalization_stft_ablation_inter-subjects_sub10.csv
1,T4_500-800ms__low_gamma,T4_500-800ms,low_gamma,0.226,0.229,-0.003,-0.003,-2.60208521397e-18,generalization_stft_ablation_inter-subjects_sub01.csv
2,T4_500-800ms__low_gamma,T4_500-800ms,low_gamma,0.244,0.244,0,-0,0,generalization_stft_ablation_inter-subjects_sub02.csv
3,T4_500-800ms__low_gamma,T4_500-800ms,low_gamma,0.137,0.132,0.005,0.005,4.33680868994e-18,generalization_stft_ablation_inter-subjects_sub03.csv
4,T4_500-800ms__low_gamma,T4_500-800ms,low_gamma,0.193,0.196,-0.003,-0.003,-2.60208521397e-18,generalization_stft_ablation_inter-subjects_sub04.csv
5,T4_500-800ms__low_gamma,T4_500-800ms,low_gamma,0.176,0.177,-0.001,-0.001,-8.67361737988e-19,generalization_stft_ablation_inter-subjects_sub05.csv
6,T4_500-800ms__low_gamma,T4_500-800ms,low_gamma,0.277,0.28,-0.003,-0.003,-2.60208521397e-18,generalization_stft_ablation_inter-subjects_sub06.csv
7,T4_500-800ms__low_gamma,T4_500-800ms,low_gamma,0.171,0.166,0.005,0.005,4.33680868994e-18,generalization_stft_ablation_inter-subjects_sub07.csv
8,T4_500-800ms__low_gamma,T4_500-800ms,low_gamma,0.199,0.198,0.001,0.001,8.67361737988e-19,generalization_stft_ablation_inter-subjects_sub08.csv
9,T4_500-800ms__low_gamma,T4_500-800ms,low_gamma,0.19,0.193,-0.003,-0.003,-2.60208521397e-18,generalization_stft_ablation_inter-subjects_sub09.csv
10,T4_500-800ms__low_gamma,T4_500-800ms,low_gamma,0.334,0.335,-0.001,-0.001,-8.67361737988e-19,generalization_stft_ablation_inter-subjects_sub10.csv
1,T4_500-800ms__theta,T4_500-800ms,theta,0.226,0.218,0.008,0.008,6.93889390391e-18,generalization_stft_ablation_inter-subjects_sub01.csv
2,T4_500-800ms__theta,T4_500-800ms,theta,0.244,0.242,0.002,0.002,1.73472347598e-18,generalization_stft_ablation_inter-subjects_sub02.csv
3,T4_500-800ms__theta,T4_500-800ms,theta,0.137,0.129,0.008,0.008,6.93889390391e-18,generalization_stft_ablation_inter-subjects_sub03.csv
4,T4_500-800ms__theta,T4_500-800ms,theta,0.193,0.186,0.007,0.007,6.07153216592e-18,generalization_stft_ablation_inter-subjects_sub04.csv
5,T4_500-800ms__theta,T4_500-800ms,theta,0.176,0.17,0.006,0.006,-2.25514051877e-17,generalization_stft_ablation_inter-subjects_sub05.csv
6,T4_500-800ms__theta,T4_500-800ms,theta,0.277,0.265,0.012,0.012,1.04083408559e-17,generalization_stft_ablation_inter-subjects_sub06.csv
7,T4_500-800ms__theta,T4_500-800ms,theta,0.171,0.164,0.007,0.007,6.07153216592e-18,generalization_stft_ablation_inter-subjects_sub07.csv
8,T4_500-800ms__theta,T4_500-800ms,theta,0.199,0.208,-0.009,-0.009,1.90819582357e-17,generalization_stft_ablation_inter-subjects_sub08.csv
9,T4_500-800ms__theta,T4_500-800ms,theta,0.19,0.2,-0.01,-0.01,-8.67361737988e-18,generalization_stft_ablation_inter-subjects_sub09.csv
10,T4_500-800ms__theta,T4_500-800ms,theta,0.334,0.321,0.013,0.013,1.21430643318e-17,generalization_stft_ablation_inter-subjects_sub10.csv
