Condition,p_value_raw,p_value_fdr,Significant_FDR_0.05
T1_50-150ms__low_gamma,0.5456804162715585,nan,False
T1_50-150ms__gamma,0.7780495489000209,nan,False
T2_150-300ms__low_gamma,0.07048399691021992,nan,False
T2_150-300ms__gamma,0.7040000000000001,nan,False
T2_150-300ms__beta,0.0006601545414783494,nan,True
T1_50-150ms__beta,0.0011229811082754681,nan,True
T1_50-150ms__high_gamma,0.7488684500235266,nan,False
T2_150-300ms__high_gamma,0.3261642353450602,nan,False
T3_300-500ms__theta,0.24274980807319071,nan,False
T3_300-500ms__alpha,0.1542728710793166,nan,False
T0_0-50ms__beta,0.9999999999999999,nan,False
T0_0-50ms__low_gamma,0.7989658591927788,nan,False
T0_0-50ms__gamma,0.3739009663000589,nan,False
T0_0-50ms__high_gamma,0.8275647196020318,nan,False
T1_50-150ms__alpha,1.4556747783156017e-05,nan,True
T2_150-300ms__theta,0.011410571669866967,nan,False
T2_150-300ms__alpha,0.01141057166986698,nan,False
T3_300-500ms__beta,0.014300043397121992,nan,False
T3_300-500ms__low_gamma,0.24198153056802096,nan,False
T3_300-500ms__gamma,0.14192744777405542,nan,False
T3_300-500ms__high_gamma,0.6213082950374971,nan,False
T4_500-800ms__theta,0.1079388222922765,nan,False
T4_500-800ms__alpha,0.02174297846523663,nan,False
T0_0-50ms__delta,nan,nan,False
T0_0-50ms__theta,nan,nan,False
T0_0-50ms__alpha,nan,nan,False
T1_50-150ms__delta,nan,nan,False
T1_50-150ms__theta,nan,nan,False
T2_150-300ms__delta,0.04440850222130677,nan,False
T3_300-500ms__delta,0.06109967902269703,nan,False
T4_500-800ms__delta,0.13520626446049902,nan,False
T4_500-800ms__beta,0.24198153056802085,nan,False
T4_500-800ms__low_gamma,0.3513010029632598,nan,False
T4_500-800ms__gamma,0.09930068321372688,nan,False
T4_500-800ms__high_gamma,0.2942563680244263,nan,False
full_mask_all,1.8012937249569708e-07,nan,True
random_control,nan,nan,False
