name,time_window,freq_band,priority,top1,top5,top1_drop,top5_drop
baseline,,,control,0.6960000038146973,0.9370000004768372,,
T1_50-150ms__low_gamma,T1_50-150ms,low_gamma,5,0.6910000085830689,0.9389999985694886,0.004999999999999999,-0.002
T1_50-150ms__gamma,T1_50-150ms,gamma,5,0.6970000028610229,0.9360000014305114,-0.0009999999999999998,0.001
T2_150-300ms__low_gamma,T2_150-300ms,low_gamma,5,0.6840000033378602,0.9370000004768372,0.012,-3.4694469519536144e-19
T2_150-300ms__gamma,T2_150-300ms,gamma,5,0.6940000057220459,0.9389999985694886,0.002,-0.002
T2_150-300ms__beta,T2_150-300ms,beta,4,0.603000009059906,0.8939999938011169,0.093,0.043000000000000003
T1_50-150ms__beta,T1_50-150ms,beta,3,0.652999997138977,0.925000011920929,0.043000000000000003,0.012
T1_50-150ms__high_gamma,T1_50-150ms,high_gamma,3,0.6950000047683715,0.9370000004768372,0.001,0.0
T2_150-300ms__high_gamma,T2_150-300ms,high_gamma,3,0.7009999990463257,0.9389999985694886,-0.005,-0.002
T3_300-500ms__theta,T3_300-500ms,theta,3,0.6809999823570252,0.9360000014305114,0.015000000000000003,0.001
T3_300-500ms__alpha,T3_300-500ms,alpha,3,0.6859999895095825,0.9350000023841858,0.01,0.0020000000000000005
T0_0-50ms__beta,T0_0-50ms,beta,2,0.6959999918937683,0.9429999947547912,3.4694469519536144e-19,-0.006
T0_0-50ms__low_gamma,T0_0-50ms,low_gamma,2,0.697000014781952,0.9399999976158142,-0.0009999999999999998,-0.003
T0_0-50ms__gamma,T0_0-50ms,gamma,2,0.6990000128746032,0.9360000014305114,-0.003,0.001
T0_0-50ms__high_gamma,T0_0-50ms,high_gamma,2,0.6950000166893006,0.9370000004768372,0.001,0.0
T1_50-150ms__alpha,T1_50-150ms,alpha,2,0.5200000047683716,0.8139999985694886,0.176,0.123
T2_150-300ms__theta,T2_150-300ms,theta,2,0.6779999971389771,0.925000011920929,0.018000000000000002,0.011999999999999999
T2_150-300ms__alpha,T2_150-300ms,alpha,2,0.6779999971389771,0.9330000042915344,0.018,0.004
T3_300-500ms__beta,T3_300-500ms,beta,2,0.671999990940094,0.9269999980926513,0.024,0.01
T3_300-500ms__low_gamma,T3_300-500ms,low_gamma,2,0.6919999957084656,0.9360000014305114,0.003999999999999999,0.0009999999999999998
T3_300-500ms__gamma,T3_300-500ms,gamma,2,0.6909999966621398,0.9360000014305114,0.005,0.001
T3_300-500ms__high_gamma,T3_300-500ms,high_gamma,2,0.6990000128746032,0.9360000014305114,-0.003,0.001
T4_500-800ms__theta,T4_500-800ms,theta,2,0.6819999933242797,0.9330000042915344,0.014000000000000002,0.003999999999999999
T4_500-800ms__alpha,T4_500-800ms,alpha,2,0.6859999895095825,0.9370000004768372,0.01,0.0
T0_0-50ms__delta,T0_0-50ms,delta,1,0.6960000038146973,0.9370000004768372,0.0,0.0
T0_0-50ms__theta,T0_0-50ms,theta,1,0.6960000038146973,0.9370000004768372,0.0,0.0
T0_0-50ms__alpha,T0_0-50ms,alpha,1,0.6960000038146973,0.9370000004768372,0.0,0.0
T1_50-150ms__delta,T1_50-150ms,delta,1,0.6960000038146973,0.9370000004768372,0.0,0.0
T1_50-150ms__theta,T1_50-150ms,theta,1,0.6960000038146973,0.9370000004768372,0.0,0.0
T2_150-300ms__delta,T2_150-300ms,delta,1,0.6660000085830688,0.9149999976158142,0.03,0.022000000000000002
T3_300-500ms__delta,T3_300-500ms,delta,1,0.6670000076293945,0.9300000071525574,0.029000000000000005,0.007000000000000001
T4_500-800ms__delta,T4_500-800ms,delta,1,0.6769999980926513,0.9330000042915344,0.019,0.003999999999999999
T4_500-800ms__beta,T4_500-800ms,beta,1,0.6840000033378602,0.9379999995231628,0.012,-0.001
T4_500-800ms__low_gamma,T4_500-800ms,low_gamma,1,0.6910000085830689,0.9340000033378602,0.005,0.003
T4_500-800ms__gamma,T4_500-800ms,gamma,1,0.7080000042915344,0.9399999976158142,-0.011999999999999999,-0.003
T4_500-800ms__high_gamma,T4_500-800ms,high_gamma,1,0.700000011920929,0.9399999976158142,-0.004,-0.003
full_mask_all,T_full,all_bands,control,0.0019999999552965165,0.025,0.694,0.9120000000000001
random_control,T1_50-150ms,delta,control,0.6960000038146973,0.9370000004768372,0.0,0.0
