run,status,n_states,fit_trials,max_peaks,peak_distance_ms,min_segment_ms,n_init,seed,number_of_peak_maps,peak_map_gev,test_mean_abs_r,test_gev,train_mean_abs_r,train_gev,min_mean_coverage,min_trial_presence,max_template_abs_correlation,mean_template_abs_correlation,coverage_warning,redundancy_warning,state10_mean_coverage,state10_mean_duration_ms,state10_mean_occurrence_hz,state10_median_coverage,state10_trial_presence,state11_mean_coverage,state11_mean_duration_ms,state11_mean_occurrence_hz,state11_median_coverage,state11_trial_presence,state12_mean_coverage,state12_mean_duration_ms,state12_mean_occurrence_hz,state12_median_coverage,state12_trial_presence,state13_mean_coverage,state13_mean_duration_ms,state13_mean_occurrence_hz,state13_median_coverage,state13_trial_presence,state14_mean_coverage,state14_mean_duration_ms,state14_mean_occurrence_hz,state14_median_coverage,state14_trial_presence,state15_mean_coverage,state15_mean_duration_ms,state15_mean_occurrence_hz,state15_median_coverage,state15_trial_presence,state16_mean_coverage,state16_mean_duration_ms,state16_mean_occurrence_hz,state16_median_coverage,state16_trial_presence,state17_mean_coverage,state17_mean_duration_ms,state17_mean_occurrence_hz,state17_median_coverage,state17_trial_presence,state18_mean_coverage,state18_mean_duration_ms,state18_mean_occurrence_hz,state18_median_coverage,state18_trial_presence,state19_mean_coverage,state19_mean_duration_ms,state19_mean_occurrence_hz,state19_median_coverage,state19_trial_presence,state1_mean_coverage,state1_mean_duration_ms,state1_mean_occurrence_hz,state1_median_coverage,state1_trial_presence,state2_mean_coverage,state2_mean_duration_ms,state2_mean_occurrence_hz,state2_median_coverage,state2_trial_presence,state3_mean_coverage,state3_mean_duration_ms,state3_mean_occurrence_hz,state3_median_coverage,state3_trial_presence,state4_mean_coverage,state4_mean_duration_ms,state4_mean_occurrence_hz,state4_median_coverage,state4_trial_presence,state5_mean_coverage,state5_mean_duration_ms,state5_mean_occurrence_hz,state5_median_coverage,state5_trial_presence,state6_mean_coverage,state6_mean_duration_ms,state6_mean_occurrence_hz,state6_median_coverage,state6_trial_presence,state7_mean_coverage,state7_mean_duration_ms,state7_mean_occurrence_hz,state7_median_coverage,state7_trial_presence,state8_mean_coverage,state8_mean_duration_ms,state8_mean_occurrence_hz,state8_median_coverage,state8_trial_presence,state9_mean_coverage,state9_mean_duration_ms,state9_mean_occurrence_hz,state9_median_coverage,state9_trial_presence
k4_trials5000_peaks12_distance10ms_segment10ms_init50_seed2025,complete,4,5000,12,10.0,10.0,50,2025,60000,0.5751999725076271,0.5873469710350037,0.4969976033731316,,,0.113404281437397,0.9444375,0.689803969824457,0.3836487869460798,0,0,,,,,,,,,,,,,,,,,,,,,,,,,,,,,,,,,,,,,,,,,,,,,,,,,,,0.113404281437397,14.344979286193848,6.914124965667725,0.0820000022649765,0.9444375,0.2548951506614685,25.50173568725586,9.839625358581543,0.24400000274181366,0.9935,0.2702462077140808,23.643938064575195,11.348250389099121,0.25999999046325684,0.9969375,0.3614564538002014,33.18707275390625,12.034125328063965,0.3160000145435333,0.9995625,,,,,,,,,,,,,,,,,,,,,,,,,
k5_trials5000_peaks12_distance10ms_segment10ms_init50_seed2025,complete,5,5000,12,10.0,10.0,50,2025,60000,0.6030601150640824,0.5963366627693176,0.5045258651757542,,,0.06838472932577133,0.7411875,0.6961195999386212,0.30593273351389705,0,0,,,,,,,,,,,,,,,,,,,,,,,,,,,,,,,,,,,,,,,,,,,,,,,,,,,0.2511737644672394,27.026355743408203,9.099312782287598,0.23199999332427979,0.99275,0.3358854651451111,32.17351150512695,11.252625465393066,0.2840000092983246,0.9994375,0.25567150115966797,23.630123138427734,10.648062705993652,0.23999999463558197,0.996125,0.06838472932577133,9.87505054473877,4.859000205993652,0.04800000041723251,0.7411875,0.08888909220695496,12.905041694641113,5.794000148773193,0.05999999865889549,0.9159375,,,,,,,,,,,,,,,,,,,,
k6_trials5000_peaks12_distance10ms_segment10ms_init50_seed2025,complete,6,5000,12,10.0,10.0,50,2025,60000,0.6222435941409227,0.6100297570228577,0.5232459571824756,,,0.06255625188350677,0.729125,0.811160465392173,0.35816358913855934,0,0,,,,,,,,,,,,,,,,,,,,,,,,,,,,,,,,,,,,,,,,,,,,,,,,,,,0.19186581671237946,22.344249725341797,8.155625343322754,0.17599999904632568,0.9831875,0.2348649650812149,25.69586753845215,8.916312217712402,0.2160000056028366,0.9943125,0.06255625188350677,9.64062786102295,4.490874767303467,0.04399999976158142,0.729125,0.07305167615413666,11.908766746520996,4.925749778747559,0.04399999976158142,0.8790625,0.2263609915971756,22.247417449951172,9.947375297546387,0.15199999511241913,0.994375,0.21130594611167908,20.29453468322754,10.269749641418457,0.19200000166893005,0.997125,,,,,,,,,,,,,,,
k7_trials5000_peaks12_distance10ms_segment10ms_init50_seed2025,complete,7,5000,12,10.0,10.0,50,2025,60000,0.6363473458360571,0.6237078309059143,0.5352851993024406,,,0.05115186795592308,0.6921875,0.7862519207592662,0.36077306420566446,0,0,,,,,,,,,,,,,,,,,,,,,,,,,,,,,,,,,,,,,,,,,,,,,,,,,,,0.19516843557357788,21.819644927978516,8.658124923706055,0.1720000058412552,0.994875,0.20902472734451294,23.903898239135742,8.44487476348877,0.18799999356269836,0.9935625,0.05115186795592308,8.819622993469238,3.8233749866485596,0.03200000151991844,0.6921875,0.19149570167064667,20.632761001586914,8.529687881469727,0.11999999731779099,0.985,0.06167462840676308,10.874561309814453,4.264124870300293,0.03200000151991844,0.8296875,0.1700742542743683,21.69484519958496,7.3767499923706055,0.15199999511241913,0.9770625,0.12141750007867813,14.979576110839844,7.740250110626221,0.1080000028014183,0.98325,,,,,,,,,,
k8_trials5000_peaks12_distance10ms_segment10ms_init50_seed2025,complete,8,5000,12,10.0,10.0,50,2025,60000,0.6494911928133286,0.6288660168647766,0.5415989007867346,,,0.04644244536757469,0.681125,0.8148668628310242,0.343334490288188,0,0,,,,,,,,,,,,,,,,,,,,,,,,,,,,,,,,,,,,,,,,,,,,,,,,,,,0.17492704093456268,20.476659774780273,8.295687675476074,0.15600000321865082,0.9954375,0.18699906766414642,23.616992950439453,7.540249824523926,0.164000004529953,0.9853125,0.05846613645553589,11.065047264099121,4.571000099182129,0.04399999976158142,0.9011875,0.05017377808690071,9.729249000549316,3.5770626068115234,0.024000000208616257,0.7654375,0.15650205314159393,18.396625518798828,8.010000228881836,0.12800000607967377,0.9916875,0.16060614585876465,18.390966415405273,7.782875061035156,0.09200000017881393,0.96925,0.16589006781578064,21.652002334594727,7.191625118255615,0.14800000190734863,0.9763125,0.04644244536757469,8.55237865447998,3.5256874561309814,0.02800000086426735,0.681125,,,,,
k9_trials5000_peaks12_distance10ms_segment10ms_init50_seed2025,complete,9,5000,12,10.0,10.0,50,2025,60000,0.6591864229049739,0.6376186013221741,0.5522608342702168,,,0.04308144748210907,0.6695625,0.8035895770633577,0.3632779697417681,0,0,,,,,,,,,,,,,,,,,,,,,,,,,,,,,,,,,,,,,,,,,,,,,,,,,,,0.14937558770179749,20.18768310546875,6.953812599182129,0.12800000607967377,0.9785625,0.0515940822660923,10.52841567993164,4.137312412261963,0.035999998450279236,0.880125,0.1469860076904297,17.67873191833496,7.2555623054504395,0.08399999886751175,0.9599375,0.15682142972946167,19.72670555114746,7.670499801635742,0.13600000739097595,0.9933125,0.13441132009029388,19.729963302612305,6.310500144958496,0.11599999666213989,0.96575,0.12613768875598907,17.553970336914062,6.726687431335449,0.10400000214576721,0.981875,0.14548629522323608,18.922439575195312,7.112874984741211,0.11599999666213989,0.9839375,0.04308144748210907,8.340546607971191,3.299062490463257,0.024000000208616257,0.6695625,0.04611358791589737,9.192451477050781,3.3186874389648438,0.019999999552965164,0.7310625
k10_trials5000_peaks12_distance10ms_segment10ms_init50_seed2025,complete,10,5000,12,10.0,10.0,50,2025,60000,0.6674898061842388,0.6455398201942444,0.5601792422076055,,,0.0386909618973732,0.6534375,0.8132594227741082,0.36519429632829487,0,0,0.11446821689605713,16.855045318603516,6.3338751792907715,0.09600000083446503,0.97825,,,,,,,,,,,,,,,,,,,,,,,,,,,,,,,,,,,,,,,,,,,,,,0.13419109582901,18.931066513061523,6.459312438964844,0.10400000214576721,0.979125,0.14197185635566711,19.200838088989258,7.039249897003174,0.12399999797344208,0.987,0.0386909618973732,8.016731262207031,3.005812406539917,0.019999999552965164,0.6534375,0.10965605080127716,16.892179489135742,5.940062522888184,0.08799999952316284,0.962,0.11714445799589157,18.207454681396484,5.976874828338623,0.10000000149011612,0.964875,0.04234427586197853,9.660582542419434,3.462249994277954,0.02800000086426735,0.829125,0.1347653716802597,16.738069534301758,6.944937705993652,0.07599999755620956,0.9519375,0.04097075015306473,8.547811508178711,2.986562490463257,0.01600000075995922,0.6875625,0.12580397725105286,19.115406036376953,6.050000190734863,0.10400000214576721,0.963875
k11_trials5000_peaks12_distance10ms_segment10ms_init50_seed2025,complete,11,5000,12,10.0,10.0,50,2025,60000,0.6736027370041768,0.6477508544921875,0.5623566660400998,,,0.026796573773026466,0.648625,0.8042935153306296,0.3705104372990324,0,0,0.12271818518638611,18.971176147460938,5.927062511444092,0.10000000149011612,0.9611875,0.026796573773026466,6.616059303283691,2.590937614440918,0.01600000075995922,0.6519375,,,,,,,,,,,,,,,,,,,,,,,,,,,,,,,,,,,,,,,,,0.10467062890529633,16.76639175415039,5.697312355041504,0.08399999886751175,0.9570625,0.11392777413129807,17.31993865966797,6.109250068664551,0.09200000017881393,0.9768125,0.13266438245773315,19.147350311279297,6.286562442779541,0.10000000149011612,0.979125,0.11518679559230804,18.43097496032715,5.761812686920166,0.09600000083446503,0.960875,0.04057006910443306,8.532781600952148,2.9430625438690186,0.01600000075995922,0.684,0.13945654034614563,19.301794052124023,6.882124900817871,0.11999999731779099,0.98625,0.13192389905452728,16.726171493530273,6.710562705993652,0.07199999690055847,0.9446875,0.03964872285723686,9.434487342834473,3.2409374713897705,0.024000000208616257,0.8118125,0.03244232386350632,7.503477096557617,2.7196249961853027,0.019999999552965164,0.648625
k12_trials5000_peaks12_distance10ms_segment10ms_init50_seed2025,complete,12,5000,12,10.0,10.0,50,2025,60000,0.6794016632070152,0.6520796418190002,0.5673432928408376,,,0.025660760700702667,0.6428125,0.8500613342514445,0.3809946659529174,0,0,0.1302967518568039,18.573205947875977,6.636187553405762,0.1080000028014183,0.9843125,0.12364327162504196,17.30847930908203,5.813187599182129,0.06800000369548798,0.9485625,0.09910792857408524,16.39480209350586,5.482937335968018,0.07999999821186066,0.953375,,,,,,,,,,,,,,,,,,,,,,,,,,,,,,,,,,,,0.038341645151376724,8.329019546508789,2.8069374561309814,0.01600000075995922,0.671125,0.09730370342731476,14.3092041015625,5.650875091552734,0.0560000017285347,0.9201875,0.11091642081737518,17.225688934326172,5.947437286376953,0.08799999952316284,0.9734375,0.030786579474806786,7.347277641296387,2.6179375648498535,0.01600000075995922,0.644,0.11237581819295883,18.427980422973633,5.520750045776367,0.09200000017881393,0.9535625,0.08640055358409882,15.48388385772705,5.165124893188477,0.07199999690055847,0.9595625,0.10832415521144867,18.18311309814453,5.45368766784668,0.09200000017881393,0.95475,0.025660760700702667,6.553045749664307,2.473562479019165,0.01600000075995922,0.6428125,0.036849722266197205,9.21057415008545,3.0021250247955322,0.024000000208616257,0.7899375
k13_trials5000_peaks12_distance10ms_segment10ms_init50_seed2025,complete,13,5000,12,10.0,10.0,50,2025,60000,0.6848517364786756,0.6560364961624146,0.5715370748882128,,,0.02607261762022972,0.610875,0.8521932177190991,0.38157187168616585,0,0,0.10028976202011108,16.808731079101562,5.512187480926514,0.07999999821186066,0.9699375,0.02607261762022972,6.600910663604736,2.496687412261963,0.01600000075995922,0.64325,0.08280950784683228,15.84397029876709,4.721749782562256,0.06800000369548798,0.941625,0.05296489596366882,10.575213432312012,3.915062427520752,0.03200000151991844,0.8406875,,,,,,,,,,,,,,,,,,,,,,,,,,,,,,,0.09934286773204803,17.593711853027344,5.062687397003174,0.07799999415874481,0.949875,0.10623100399971008,17.73525619506836,5.398125171661377,0.08799999952316284,0.9435625,0.11356686800718307,18.20148468017578,5.812749862670898,0.09200000017881393,0.9734375,0.12504616379737854,17.14566993713379,5.92368745803833,0.05999999865889549,0.9315625,0.10574428737163544,17.014699935913086,5.796374797821045,0.08799999952316284,0.971625,0.027322810143232346,7.004040718078613,2.3717501163482666,0.01600000075995922,0.6269375,0.029493458569049835,7.0790534019470215,2.3546249866485596,0.00800000037997961,0.610875,0.09730035811662674,16.11701011657715,5.398062705993652,0.07199999690055847,0.9598125,0.03382306173443794,8.846630096435547,2.8755624294281006,0.019999999552965164,0.7835
k14_trials5000_peaks12_distance10ms_segment10ms_init50_seed2025,complete,14,5000,12,10.0,10.0,50,2025,60000,0.6900661859455781,0.6598827242851257,0.5770062705452476,,,0.02401908114552498,0.5870625,0.8624395691540442,0.3852196609923682,0,0,0.07989472150802612,15.104063987731934,4.785937309265137,0.06400000303983688,0.9515625,0.10077561438083649,16.71902847290039,5.629875183105469,0.08399999886751175,0.9711875,0.11009594798088074,18.625572204589844,5.339250087738037,0.08799999952316284,0.955,0.02963949367403984,8.289690017700195,2.5353751182556152,0.01600000075995922,0.74325,0.09319435805082321,17.176471710205078,4.848374843597412,0.07599999755620956,0.936125,,,,,,,,,,,,,,,,,,,,,,,,,,0.027280228212475777,6.763241767883301,2.19350004196167,0.00800000037997961,0.5870625,0.045967984944581985,10.185477256774902,3.4691874980926514,0.02800000086426735,0.8201875,0.10876578837633133,16.458066940307617,5.409687519073486,0.06400000303983688,0.942125,0.08072444796562195,15.228699684143066,4.803374767303467,0.06400000303983688,0.94675,0.02632877789437771,6.904968738555908,2.284437417984009,0.01600000075995922,0.619625,0.02401908114552498,6.414370059967041,2.322999954223633,0.01600000075995922,0.6311875,0.09329084306955338,16.55846405029297,5.138999938964844,0.07199999690055847,0.9654375,0.0939410850405693,14.904390335083008,4.987374782562256,0.04399999976158142,0.895625,0.0860893651843071,15.680830001831055,4.899312496185303,0.06800000369548798,0.9326875
k15_trials5000_peaks12_distance10ms_segment10ms_init50_seed2025,complete,15,5000,12,10.0,10.0,50,2025,60000,0.694549240486349,0.6632061004638672,0.581135942779677,,,0.023740531876683235,0.56675,0.8494809041589935,0.38726404294926486,0,0,0.023740531876683235,6.420132160186768,2.287374973297119,0.01600000075995922,0.6288125,0.026585735380649567,7.871742248535156,2.2776875495910645,0.01600000075995922,0.71,0.09056273847818375,14.513004302978516,4.9723124504089355,0.04399999976158142,0.8914375,0.04132641851902008,9.786520004272461,3.1478750705718994,0.024000000208616257,0.79125,0.09709383547306061,16.749900817871094,5.34499979019165,0.07999999821186066,0.96,0.09029329568147659,16.98377227783203,4.679187297821045,0.07199999690055847,0.9324375,,,,,,,,,,,,,,,,,,,,,0.0651426836848259,13.662477493286133,4.291375160217285,0.052000001072883606,0.9345,0.0923973098397255,16.209495544433594,5.143562316894531,0.07199999690055847,0.962875,0.08892827481031418,16.758432388305664,4.755125045776367,0.07199999690055847,0.937125,0.08930425345897675,16.29313087463379,4.905624866485596,0.06800000369548798,0.9534375,0.02543780207633972,6.470340251922607,2.067625045776367,0.00800000037997961,0.56675,0.07998629659414291,15.40031623840332,4.5894999504089355,0.06400000303983688,0.923625,0.025072067975997925,6.767101764678955,2.211937427520752,0.012000000104308128,0.614,0.09505745768547058,15.318126678466797,5.004687309265137,0.0560000017285347,0.930875,0.06908003240823746,14.545187950134277,4.2326250076293945,0.0560000017285347,0.9295625
k16_trials5000_peaks12_distance10ms_segment10ms_init50_seed2025,complete,16,5000,12,10.0,10.0,50,2025,60000,0.6986808674855517,0.6662939786911011,0.5851555227037104,,,0.022673610597848892,0.559125,0.8533044346746353,0.39444865510428867,0,0,0.06509577482938766,13.639548301696777,4.0504374504089355,0.04399999976158142,0.91425,0.0853271558880806,14.14990234375,4.769124984741211,0.03999999910593033,0.883625,0.08094026148319244,16.00855255126953,4.413187503814697,0.06400000303983688,0.9205,0.0248805470764637,6.795610427856445,2.1754374504089355,0.012000000104308128,0.6111875,0.06827415525913239,14.65452766418457,4.1410627365112305,0.0560000017285347,0.92475,0.024742770940065384,6.3673906326293945,2.012125015258789,0.00800000037997961,0.559125,0.08638326823711395,15.889419555664062,4.85393762588501,0.06400000303983688,0.9545625,,,,,,,,,,,,,,,,0.06941280514001846,14.283988952636719,4.2179999351501465,0.052000001072883606,0.9115,0.025700200349092484,7.784891128540039,2.211937427520752,0.01600000075995922,0.7035,0.09144524484872818,17.266176223754883,4.740687370300293,0.07199999690055847,0.946625,0.08103842288255692,15.342768669128418,4.785624980926514,0.06400000303983688,0.941,0.09114117175340652,15.193520545959473,4.782312393188477,0.052000001072883606,0.9235,0.022673610597848892,6.305795192718506,2.2081875801086426,0.01600000075995922,0.6235,0.03957533463835716,9.583425521850586,3.03543758392334,0.024000000208616257,0.778625,0.06109178811311722,13.298572540283203,4.124687671661377,0.04800000041723251,0.926125,0.08228473365306854,16.23278045654297,4.485687732696533,0.06400000303983688,0.9279375
k17_trials5000_peaks12_distance10ms_segment10ms_init50_seed2025,complete,17,5000,12,10.0,10.0,50,2025,60000,0.7024264141640244,0.6674467325210571,0.5867143894814353,,,0.017966464161872864,0.493625,0.85965576626889,0.39403093200336353,1,0,0.08492372184991837,15.805063247680664,4.76924991607666,0.06400000303983688,0.95075,0.02425852231681347,7.568207263946533,2.100374937057495,0.012000000104308128,0.687125,0.02423633262515068,6.720662593841553,2.120374917984009,0.012000000104308128,0.6053125,0.08280568569898605,13.927605628967285,4.625312328338623,0.03999999910593033,0.873125,0.0683915764093399,14.795795440673828,4.100249767303467,0.0560000017285347,0.9218125,0.0914015844464302,17.30498695373535,4.714312553405762,0.07199999690055847,0.9465,0.024294298142194748,6.893390655517578,2.1920626163482666,0.012000000104308128,0.636125,0.0886906087398529,15.013639450073242,4.694187641143799,0.04800000041723251,0.919125,,,,,,,,,,,0.03878156840801239,9.655657768249512,3.017124891281128,0.024000000208616257,0.791375,0.080730140209198,16.111351013183594,4.373562335968018,0.06400000303983688,0.9208125,0.0819733738899231,16.29217529296875,4.426875114440918,0.06400000303983688,0.9239375,0.017966464161872864,5.5385422706604,1.5026874542236328,0.0,0.493625,0.05872102081775665,13.333648681640625,3.8861875534057617,0.04399999976158142,0.917125,0.06358769536018372,13.523191452026367,3.9653124809265137,0.04399999976158142,0.9090625,0.022176343947649002,6.269879341125488,2.1631250381469727,0.012000000104308128,0.620125,0.08007342368364334,15.288235664367676,4.731249809265137,0.06400000303983688,0.939625,0.06699515879154205,14.120451927185059,4.1139373779296875,0.052000001072883606,0.90825
k18_trials5000_peaks12_distance10ms_segment10ms_init50_seed2025,complete,18,5000,12,10.0,10.0,50,2025,60000,0.7063090139610136,0.6698293685913086,0.5901478632313382,,,0.018021412193775177,0.5266875,0.8676018111191137,0.39727410467968405,1,0,0.07855008542537689,16.081695556640625,4.28781270980835,0.05999999865889549,0.920875,0.06654786318540573,13.749874114990234,4.009749889373779,0.04399999976158142,0.9018125,0.062066901475191116,13.696690559387207,3.8916873931884766,0.04800000041723251,0.8998125,0.07860308885574341,15.382063865661621,4.618875026702881,0.06400000303983688,0.94,0.07417183369398117,15.079078674316406,4.370625019073486,0.0560000017285347,0.9330625,0.0598699226975441,13.429616928100586,3.95731258392334,0.04800000041723251,0.9188125,0.06388942152261734,13.688035011291504,3.9310624599456787,0.04399999976158142,0.905375,0.021645626053214073,5.923101902008057,1.7964375019073486,0.00800000037997961,0.5266875,0.020241079851984978,6.433096408843994,1.817812442779541,0.00800000037997961,0.5911875,,,,,,0.07857347279787064,15.959566116333008,4.232874870300293,0.05999999865889549,0.9075625,0.07151757925748825,13.011388778686523,4.155187606811523,0.03200000151991844,0.8365,0.03359631821513176,8.869952201843262,2.6265625953674316,0.019999999552965164,0.736375,0.02360849827528,7.484377384185791,2.0385000705718994,0.012000000104308128,0.6798125,0.08002344518899918,14.504955291748047,4.400312423706055,0.04399999976158142,0.9119375,0.06635584682226181,14.61828327178955,3.9843125343322754,0.052000001072883606,0.9156875,0.021526047959923744,6.392330646514893,1.961187481880188,0.00800000037997961,0.59675,0.08119780570268631,15.148016929626465,4.482999801635742,0.052000001072883606,0.9286875,0.018021412193775177,5.86499547958374,1.8382500410079956,0.00800000037997961,0.6031875
k19_trials5000_peaks12_distance10ms_segment10ms_init50_seed2025,complete,19,5000,12,10.0,10.0,50,2025,60000,0.7097528400011816,0.6708993911743164,0.5916040345188166,,,0.016502806916832924,0.4710625,0.8723746409983949,0.3980663345088802,1,0,0.07992303371429443,14.411578178405762,4.374499797821045,0.04399999976158142,0.9059375,0.07983556389808655,15.4244384765625,4.498499870300293,0.0560000017285347,0.939,0.07445698231458664,13.275440216064453,4.195187568664551,0.03200000151991844,0.8391875,0.07729597389698029,15.981781959533691,4.143562316894531,0.05999999865889549,0.904625,0.01965729333460331,6.306413173675537,1.7788125276565552,0.00800000037997961,0.5836875,0.03408960625529289,9.1690673828125,2.688187599182129,0.019999999552965164,0.7619375,0.06281425803899765,13.517233848571777,3.820125102996826,0.03999999910593033,0.89525,0.016502806916832924,5.309049129486084,1.3781875371932983,0.0,0.4710625,0.01810758002102375,5.873960494995117,1.8415000438690186,0.00800000037997961,0.6024375,0.022156795486807823,7.231230735778809,1.9308124780654907,0.012000000104308128,0.6606875,0.07747463136911392,16.004844665527344,4.242687702178955,0.05999999865889549,0.91875,0.06022472679615021,13.596856117248535,3.7846250534057617,0.04399999976158142,0.89475,0.07537733018398285,15.353313446044922,4.361875057220459,0.0560000017285347,0.9348125,0.07571423053741455,15.142280578613281,4.49093770980835,0.05999999865889549,0.935,0.06247767433524132,13.543585777282715,3.7947499752044678,0.03999999910593033,0.89175,0.054208919405937195,13.108733177185059,3.596374988555908,0.03999999910593033,0.9045625,0.0658540427684784,14.589244842529297,3.9630000591278076,0.052000001072883606,0.91425,0.02269108220934868,6.6596198081970215,2.065000057220459,0.00800000037997961,0.6186875,0.021143261343240738,6.344791889190674,1.9396250247955322,0.00800000037997961,0.5963125
