run,status,n_states,fit_trials,max_peaks,peak_distance_ms,min_segment_ms,n_init,seed,number_of_peak_maps,peak_map_gev,test_mean_abs_r,test_gev,train_mean_abs_r,train_gev,min_mean_coverage,min_trial_presence,max_template_abs_correlation,mean_template_abs_correlation,coverage_warning,redundancy_warning,state1_mean_coverage,state1_mean_duration_ms,state1_mean_occurrence_hz,state1_median_coverage,state1_trial_presence,state2_mean_coverage,state2_mean_duration_ms,state2_mean_occurrence_hz,state2_median_coverage,state2_trial_presence,state3_mean_coverage,state3_mean_duration_ms,state3_mean_occurrence_hz,state3_median_coverage,state3_trial_presence,state4_mean_coverage,state4_mean_duration_ms,state4_mean_occurrence_hz,state4_median_coverage,state4_trial_presence
k4_trials5000_peaks8_distance10ms_segment10ms_init20_seed2025,complete,4,5000,8,10.0,10.0,20,2025,40000,0.5894328393941273,0.586348831653595,0.4960238722898319,,,0.11161639541387558,0.9413125,0.7000945881696884,0.38414395084761194,0,0,0.27419158816337585,23.99299430847168,11.368124961853027,0.2639999985694885,0.99725,0.3631831407546997,33.22007751464844,12.057937622070312,0.3199999928474426,0.9995625,0.2510114014148712,24.984254837036133,9.857999801635742,0.23999999463558197,0.99325,0.11161639541387558,14.227206230163574,6.821499824523926,0.07999999821186066,0.9413125
k4_trials5000_peaks8_distance10ms_segment10ms_init50_seed2025,complete,4,5000,8,10.0,10.0,50,2025,40000,0.5894346319159722,0.5860996246337891,0.49575598075670313,,,0.11107461154460907,0.94125,0.7012946171173587,0.38414564406832685,0,0,0.275174617767334,24.07992172241211,11.376625061035156,0.2639999985694885,0.9974375,0.11107461154460907,14.181816101074219,6.802374839782715,0.07999999821186066,0.94125,0.24931886792182922,24.77815055847168,9.865562438964844,0.23999999463558197,0.9930625,0.3644365966320038,33.25992202758789,12.078624725341797,0.3240000009536743,0.999625
k4_trials5000_peaks8_distance10ms_segment20ms_init20_seed2025,complete,4,5000,8,10.0,20.0,20,2025,40000,0.5894328393941273,0.5528347492218018,0.473302091285422,,,0.08004418015480042,0.717375,0.7000945881696884,0.38414395084761194,0,0,0.27751997113227844,65.97327423095703,4.139937400817871,0.25999999046325684,0.971375,0.38960546255111694,98.80189514160156,4.545249938964844,0.35199999809265137,0.995,0.25283128023147583,60.37765884399414,4.0176873207092285,0.23199999332427979,0.9605,0.08004418015480042,30.02286148071289,1.7823125123977661,0.04800000041723251,0.717375
k4_trials5000_peaks8_distance10ms_segment20ms_init50_seed2025,complete,4,5000,8,10.0,20.0,50,2025,40000,0.5894346319159722,0.5525396466255188,0.47298001370918946,,,0.07925723493099213,0.715,0.7012946171173587,0.38414564406832685,0,0,0.2789762616157532,66.12078857421875,4.155562400817871,0.25999999046325684,0.97175,0.07925723493099213,29.848936080932617,1.7698750495910645,0.04399999976158142,0.715,0.2506384551525116,60.015480041503906,3.996000051498413,0.23199999332427979,0.9589375,0.39112868905067444,99.04729461669922,4.559687614440918,0.35199999809265137,0.995375
k4_trials5000_peaks8_distance20ms_segment10ms_init20_seed2025,complete,4,5000,8,20.0,10.0,20,2025,40000,0.5716812495761676,0.5710768699645996,0.47713991374958287,,,0.084871307015419,0.7748125,0.7092965950135113,0.3201272512722833,0,0,0.17862313985824585,17.467531204223633,9.904312133789062,0.164000004529953,0.984375,0.3503949046134949,30.340654373168945,12.068124771118164,0.328000009059906,0.999375,0.38611212372779846,33.48735427856445,12.337437629699707,0.36399999260902405,0.9999375,0.084871307015419,10.563133239746094,5.857500076293945,0.06400000303983688,0.7748125
k4_trials5000_peaks8_distance20ms_segment10ms_init50_seed2025,complete,4,5000,8,20.0,10.0,50,2025,40000,0.5716812495761676,0.5710768699645996,0.47713991374958287,,,0.084871307015419,0.7748125,0.7092965950135113,0.3201272512722833,0,0,0.17862313985824585,17.467531204223633,9.904312133789062,0.164000004529953,0.984375,0.3503949046134949,30.340654373168945,12.068124771118164,0.328000009059906,0.999375,0.38611212372779846,33.48735427856445,12.337437629699707,0.36399999260902405,0.9999375,0.084871307015419,10.563133239746094,5.857500076293945,0.06400000303983688,0.7748125
k4_trials5000_peaks8_distance20ms_segment20ms_init20_seed2025,complete,4,5000,8,20.0,20.0,20,2025,40000,0.5716812495761676,0.53375244140625,0.4515524632207026,,,0.06427742540836334,0.6066875,0.7092965950135113,0.3201272512722833,0,0,0.15767374634742737,46.0523796081543,3.056999921798706,0.13199999928474426,0.908,0.3670596778392792,85.4559097290039,4.597624778747559,0.3440000116825104,0.99075,0.41099193692207336,93.54129028320312,4.9098124504089355,0.3919999897480011,0.997125,0.06427742540836334,24.761301040649414,1.5268750190734863,0.03200000151991844,0.6066875
k4_trials5000_peaks8_distance20ms_segment20ms_init50_seed2025,complete,4,5000,8,20.0,20.0,50,2025,40000,0.5716812495761676,0.53375244140625,0.4515524632207026,,,0.06427742540836334,0.6066875,0.7092965950135113,0.3201272512722833,0,0,0.15767374634742737,46.0523796081543,3.056999921798706,0.13199999928474426,0.908,0.3670596778392792,85.4559097290039,4.597624778747559,0.3440000116825104,0.99075,0.41099193692207336,93.54129028320312,4.9098124504089355,0.3919999897480011,0.997125,0.06427742540836334,24.761301040649414,1.5268750190734863,0.03200000151991844,0.6066875
k4_trials5000_peaks12_distance10ms_segment10ms_init20_seed2025,complete,4,5000,12,10.0,10.0,20,2025,60000,0.5751554874605805,0.5859411358833313,0.49524178979780886,,,0.11028622090816498,0.942,0.709996524639632,0.3790713467824037,0,0,0.28251534700393677,24.393136978149414,11.565999984741211,0.2720000147819519,0.99775,0.24051354825496674,24.0435848236084,9.78012466430664,0.2280000001192093,0.9915,0.3666863441467285,33.096466064453125,12.175999641418457,0.328000009059906,0.99975,0.11028622090816498,14.113924026489258,6.800000190734863,0.07999999821186066,0.942
k4_trials5000_peaks12_distance10ms_segment10ms_init50_seed2025,complete,4,5000,12,10.0,10.0,50,2025,60000,0.5751999725076271,0.5873469710350037,0.4969976033731316,,,0.113404281437397,0.9444375,0.689803969824457,0.3836487869460798,0,0,0.113404281437397,14.344979286193848,6.914124965667725,0.0820000022649765,0.9444375,0.2548951506614685,25.50173568725586,9.839625358581543,0.24400000274181366,0.9935,0.2702462077140808,23.643938064575195,11.348250389099121,0.25999999046325684,0.9969375,0.3614564538002014,33.18707275390625,12.034125328063965,0.3160000145435333,0.9995625
k4_trials5000_peaks12_distance10ms_segment20ms_init20_seed2025,complete,4,5000,12,10.0,20.0,20,2025,60000,0.5751554874605805,0.5516027212142944,0.47196258917479517,,,0.0792880430817604,0.714625,0.709996524639632,0.3790713467824037,0,0,0.28830185532569885,68.09087371826172,4.203812599182129,0.2720000147819519,0.9734375,0.24024733901023865,58.53437423706055,3.8958749771118164,0.2199999988079071,0.953375,0.3921627998352051,98.25303649902344,4.591125011444092,0.35600000619888306,0.995125,0.0792880430817604,30.079425811767578,1.7643749713897705,0.04399999976158142,0.714625
k4_trials5000_peaks12_distance10ms_segment20ms_init50_seed2025,complete,4,5000,12,10.0,20.0,50,2025,60000,0.5751999725076271,0.553604006767273,0.47415491110740576,,,0.08241626620292664,0.7290625,0.689803969824457,0.3836487869460798,0,0,0.08241626620292664,30.73171043395996,1.8272500038146973,0.04800000041723251,0.7290625,0.25771206617355347,61.14911651611328,4.056187629699707,0.23600000143051147,0.9619375,0.272824227809906,65.30939483642578,4.096437454223633,0.25600001215934753,0.9693125,0.3870483636856079,98.91546630859375,4.511687278747559,0.3479999899864197,0.994625
k4_trials5000_peaks12_distance20ms_segment10ms_init20_seed2025,complete,4,5000,12,20.0,10.0,20,2025,60000,0.5542007666020604,0.5721755027770996,0.47884042022556206,,,0.0852682814002037,0.7888125,0.7092903786246276,0.32599759095485187,0,0,0.3419179916381836,29.25168800354004,12.146187782287598,0.3199999928474426,0.9993125,0.0852682814002037,10.732063293457031,5.885937690734863,0.06400000303983688,0.7888125,0.19002647697925568,18.30545425415039,10.108875274658203,0.18000000715255737,0.98625,0.38278928399086,32.766300201416016,12.500812530517578,0.36000001430511475,0.999875
k4_trials5000_peaks12_distance20ms_segment10ms_init50_seed2025,complete,4,5000,12,20.0,10.0,50,2025,60000,0.5542025268738695,0.5721709132194519,0.4788324247363017,,,0.08525024354457855,0.7888125,0.7092580710185693,0.32598273483040857,0,0,0.3828513026237488,32.768768310546875,12.501937866210938,0.36000001430511475,0.999875,0.19002559781074524,18.305179595947266,10.10893726348877,0.18000000715255737,0.986125,0.3418746888637543,29.244150161743164,12.147187232971191,0.3199999928474426,0.9993125,0.08525024354457855,10.730786323547363,5.884749889373779,0.06400000303983688,0.7888125
k4_trials5000_peaks12_distance20ms_segment20ms_init20_seed2025,complete,4,5000,12,20.0,20.0,20,2025,60000,0.5542007666020604,0.5345702171325684,0.4530032154201155,,,0.06317403167486191,0.6084375,0.7092903786246276,0.32599759095485187,0,0,0.35902220010757446,84.02745056152344,4.553874969482422,0.335999995470047,0.9899375,0.06317403167486191,24.58915901184082,1.5098750591278076,0.03200000151991844,0.6084375,0.17039315402507782,48.03681945800781,3.2065000534057617,0.14800000190734863,0.9188125,0.407410204410553,93.68978881835938,4.874125003814697,0.3880000114440918,0.99675
k4_trials5000_peaks12_distance20ms_segment20ms_init50_seed2025,complete,4,5000,12,20.0,20.0,50,2025,60000,0.5542025268738695,0.5345657467842102,0.45299890584342295,,,0.06317653506994247,0.6085625,0.7092580710185693,0.32598273483040857,0,0,0.40742257237434387,93.69432830810547,4.874499797821045,0.3880000114440918,0.9968125,0.17044290900230408,48.04179000854492,3.20731258392334,0.14800000190734863,0.91875,0.3589571714401245,84.02579498291016,4.553750038146973,0.335999995470047,0.9899375,0.06317653506994247,24.597732543945312,1.5098750591278076,0.03200000151991844,0.6085625
k4_trials10000_peaks8_distance10ms_segment10ms_init20_seed2025,complete,4,10000,8,10.0,10.0,20,2025,80000,0.5931279264194358,0.5865656137466431,0.4963493858221407,,,0.11137258261442184,0.941,0.6860060182503998,0.3851604198136467,0,0,0.11137258261442184,14.219876289367676,6.806875228881836,0.07999999821186066,0.941,0.25761428475379944,25.492782592773438,9.958499908447266,0.24799999594688416,0.99375,0.26959866285324097,23.731081008911133,11.260687828063965,0.25999999046325684,0.99675,0.36141714453697205,33.249549865722656,12.010687828063965,0.3160000145435333,0.9994375
k4_trials10000_peaks8_distance10ms_segment10ms_init50_seed2025,complete,4,10000,8,10.0,10.0,50,2025,80000,0.5931922895656881,0.5854691863059998,0.49514186234622143,,,0.10952777415513992,0.9395,0.6984983260697168,0.38286529062408303,0,0,0.24781934916973114,24.47811508178711,9.93343734741211,0.23600000143051147,0.9930625,0.2762644588947296,24.164505004882812,11.382562637329102,0.2680000066757202,0.9973125,0.10952777415513992,14.093355178833008,6.737249851226807,0.07599999755620956,0.9395,0.3663903474807739,33.38670349121094,12.105875015258789,0.3240000009536743,0.9996875
k4_trials10000_peaks8_distance10ms_segment20ms_init20_seed2025,complete,4,10000,8,10.0,20.0,20,2025,80000,0.5931279264194358,0.5533227324485779,0.4738809519919613,,,0.07950630784034729,0.7138125,0.6860060182503998,0.3851604198136467,0,0,0.07950630784034729,29.873151779174805,1.7776249647140503,0.04800000041723251,0.7138125,0.2609288990497589,61.64826202392578,4.098875045776367,0.24400000274181366,0.963875,0.27210113406181335,64.98887634277344,4.094062328338623,0.25600001215934753,0.9661875,0.38746631145477295,98.94223022460938,4.517749786376953,0.3479999899864197,0.9951875
k4_trials10000_peaks8_distance10ms_segment20ms_init50_seed2025,complete,4,10000,8,10.0,20.0,50,2025,80000,0.5931922895656881,0.5517591238021851,0.4722861295980316,,,0.07827363908290863,0.7085625,0.6984983260697168,0.38286529062408303,0,0,0.24811069667339325,59.67544937133789,3.97475004196167,0.2280000001192093,0.9593125,0.2803739011287689,66.43161010742188,4.1539998054504395,0.2639999985694885,0.9710625,0.07827363908290863,29.578857421875,1.7498749494552612,0.04399999976158142,0.7085625,0.39324304461479187,99.6357650756836,4.564125061035156,0.35600000619888306,0.99525
k4_trials10000_peaks8_distance20ms_segment10ms_init20_seed2025,complete,4,10000,8,20.0,10.0,20,2025,80000,0.5757336547931458,0.5705223679542542,0.47622941026987237,,,0.08440736681222916,0.7721875,0.69745132596283,0.31772262704825577,0,0,0.17238792777061462,17.087778091430664,9.731687545776367,0.15600000321865082,0.9830625,0.39135032892227173,33.96019744873047,12.366874694824219,0.36800000071525574,0.9999375,0.3518565595149994,30.446308135986328,12.071187973022461,0.3319999873638153,0.999375,0.08440736681222916,10.532539367675781,5.828999996185303,0.06400000303983688,0.7721875
k4_trials10000_peaks8_distance20ms_segment10ms_init50_seed2025,complete,4,10000,8,20.0,10.0,50,2025,80000,0.5757336547931458,0.5705223679542542,0.47622941026987237,,,0.08440736681222916,0.7721875,0.69745132596283,0.31772262704825577,0,0,0.17238792777061462,17.087778091430664,9.731687545776367,0.15600000321865082,0.9830625,0.39135032892227173,33.96019744873047,12.366874694824219,0.36800000071525574,0.9999375,0.3518565595149994,30.446308135986328,12.071187973022461,0.3319999873638153,0.999375,0.08440736681222916,10.532539367675781,5.828999996185303,0.06400000303983688,0.7721875
k4_trials10000_peaks8_distance20ms_segment20ms_init20_seed2025,complete,4,10000,8,20.0,20.0,20,2025,80000,0.5757336547931458,0.5331558585166931,0.45053460803272494,,,0.06409841030836105,0.6060625,0.69745132596283,0.31772262704825577,0,0,0.1511133760213852,44.79732131958008,2.9738125801086426,0.12800000607967377,0.8995625,0.4165799021720886,95.0764389038086,4.921187400817871,0.4000000059604645,0.997,0.36820948123931885,85.81365203857422,4.5995001792907715,0.3479999899864197,0.99075,0.06409841030836105,24.71454429626465,1.5250624418258667,0.03200000151991844,0.6060625
k4_trials10000_peaks8_distance20ms_segment20ms_init50_seed2025,complete,4,10000,8,20.0,20.0,50,2025,80000,0.5757336547931458,0.5331558585166931,0.45053460803272494,,,0.06409841030836105,0.6060625,0.69745132596283,0.31772262704825577,0,0,0.1511133760213852,44.79732131958008,2.9738125801086426,0.12800000607967377,0.8995625,0.4165799021720886,95.0764389038086,4.921187400817871,0.4000000059604645,0.997,0.36820948123931885,85.81365203857422,4.5995001792907715,0.3479999899864197,0.99075,0.06409841030836105,24.71454429626465,1.5250624418258667,0.03200000151991844,0.6060625
k4_trials10000_peaks12_distance10ms_segment10ms_init20_seed2025,complete,4,10000,12,10.0,10.0,20,2025,120000,0.5786445021443068,0.5869284868240356,0.49669440154205047,,,0.11142963916063309,0.9423125,0.673809937024669,0.385429426937749,0,0,0.11142963916063309,14.238582611083984,6.809875011444092,0.07999999821186066,0.9423125,0.36323806643486023,33.505470275878906,12.035374641418457,0.3199999928474426,0.9995,0.25869542360305786,25.650182723999023,9.949625015258789,0.24799999594688416,0.993625,0.26663827896118164,23.400161743164062,11.282937049865723,0.25600001215934753,0.996375
k4_trials10000_peaks12_distance10ms_segment10ms_init50_seed2025,complete,4,10000,12,10.0,10.0,50,2025,120000,0.5786445021443068,0.5869284868240356,0.49669440154205047,,,0.11142963916063309,0.9423125,0.673809937024669,0.385429426937749,0,0,0.11142963916063309,14.238582611083984,6.809875011444092,0.07999999821186066,0.9423125,0.36323806643486023,33.505470275878906,12.035374641418457,0.3199999928474426,0.9995,0.25869542360305786,25.650182723999023,9.949625015258789,0.24799999594688416,0.993625,0.26663827896118164,23.400161743164062,11.282937049865723,0.25600001215934753,0.996375
k4_trials10000_peaks12_distance10ms_segment20ms_init20_seed2025,complete,4,10000,12,10.0,20.0,20,2025,120000,0.5786445021443068,0.5532751083374023,0.4739103635867463,,,0.08040676265954971,0.7164375,0.673809937024669,0.385429426937749,0,0,0.08040676265954971,30.20322036743164,1.787500023841858,0.04800000041723251,0.7164375,0.3894566595554352,100.0504379272461,4.5020623207092285,0.3479999899864197,0.99475,0.26203611493110657,61.812538146972656,4.107999801635742,0.24400000274181366,0.9645,0.2681017220020294,64.62911224365234,4.051000118255615,0.25200000405311584,0.96525
k4_trials10000_peaks12_distance10ms_segment20ms_init50_seed2025,complete,4,10000,12,10.0,20.0,50,2025,120000,0.5786445021443068,0.5532751083374023,0.4739103635867463,,,0.08040676265954971,0.7164375,0.673809937024669,0.385429426937749,0,0,0.08040676265954971,30.20322036743164,1.787500023841858,0.04800000041723251,0.7164375,0.3894566595554352,100.0504379272461,4.5020623207092285,0.3479999899864197,0.99475,0.26203611493110657,61.812538146972656,4.107999801635742,0.24400000274181366,0.9645,0.2681017220020294,64.62911224365234,4.051000118255615,0.25200000405311584,0.96525
k4_trials10000_peaks12_distance20ms_segment10ms_init20_seed2025,complete,4,10000,12,20.0,10.0,20,2025,120000,0.5575723273682067,0.5720756649971008,0.4783987230057394,,,0.0844816341996193,0.7850625,0.7029923408352967,0.32311717686555336,0,0,0.34372493624687195,29.49698257446289,12.126937866210938,0.3199999928474426,0.9993125,0.0844816341996193,10.687409400939941,5.8341875076293945,0.06400000303983688,0.7850625,0.38484466075897217,33.05889892578125,12.470749855041504,0.36000001430511475,0.999875,0.1869509220123291,18.071447372436523,10.059624671936035,0.17599999904632568,0.985875
k4_trials10000_peaks12_distance20ms_segment10ms_init50_seed2025,complete,4,10000,12,20.0,10.0,50,2025,120000,0.5575801744740642,0.5720610022544861,0.4785600111156885,,,0.08466528356075287,0.7855625,0.7022362644012266,0.32325325059133275,0,0,0.3865879476070404,33.12962341308594,12.511375427246094,0.36399999260902405,0.9999375,0.08466528356075287,10.703700065612793,5.8394999504089355,0.06400000303983688,0.7855625,0.3406144380569458,29.128862380981445,12.121000289916992,0.3199999928474426,0.9993125,0.18813562393188477,18.173542022705078,10.065062522888184,0.17599999904632568,0.98575
k4_trials10000_peaks12_distance20ms_segment20ms_init20_seed2025,complete,4,10000,12,20.0,20.0,20,2025,120000,0.5575723273682067,0.5344314575195312,0.45252351357514187,,,0.06306833773851395,0.6059375,0.7029923408352967,0.32311717686555336,0,0,0.3610663115978241,84.3196029663086,4.565374851226807,0.335999995470047,0.98975,0.06306833773851395,24.52061653137207,1.5056250095367432,0.03200000151991844,0.6059375,0.40931427478790283,93.92341613769531,4.885749816894531,0.3880000114440918,0.9969375,0.16655105352401733,47.412715911865234,3.165250062942505,0.14399999380111694,0.9155625
k4_trials10000_peaks12_distance20ms_segment20ms_init50_seed2025,complete,4,10000,12,20.0,20.0,50,2025,120000,0.5575801744740642,0.5344588160514832,0.45270502440086147,,,0.0629960149526596,0.604875,0.7022362644012266,0.32325325059133275,0,0,0.4118395745754242,95.01747131347656,4.879499912261963,0.3919999897480011,0.9974375,0.0629960149526596,24.503643035888672,1.5043749809265137,0.03200000151991844,0.604875,0.35702794790267944,83.33088684082031,4.545374870300293,0.3319999873638153,0.9894375,0.16813676059246063,47.67039489746094,3.184000015258789,0.14399999380111694,0.9168125
