check_type,setting,condition,subject_scope,field_compared,n_rows_compared,max_abs_diff,identity_residual_bound,zero_variance_conditions,p_q_finite_check,manual_verification,verdict,note
rowwise_paired_drop,intra-subjects,ALL_35_CONDITIONS,sub01..sub10 (10 subjects; 5-seed averaged per cell),recomputed (baseline_top1 - top1) vs stored top1_drop,350,1.02349e-16,,,,,PASS,threshold=1e-12; mismatch_rows=0; 既有 CSV 打印精度 top1=3dp top1_drop=3dp; 差异为浮点 ULP 级（舍入已在源 CSV 内自洽）
rowwise_paired_drop,inter-subjects,ALL_35_CONDITIONS,sub01..sub10 (10 subjects; 5-seed averaged per cell),recomputed (baseline_top1 - top1) vs stored top1_drop,350,5.11743e-17,,,,,PASS,threshold=1e-12; mismatch_rows=0; 既有 CSV 打印精度 top1=3dp top1_drop=3dp; 差异为浮点 ULP 级（舍入已在源 CSV 内自洽）
control_rows,both,full_mask_all; random_control; full_time_gamma,20 CSV files (10 intra + 10 inter),recomputed (baseline_top1 - top1) vs stored top1_drop,60,2.77556e-17,,,,,PASS,"控制行含义: full_mask_all=整段全频掩蔽, random_control=T1×delta 随机对照(应=baseline), full_time_gamma=全时段 gamma。三种控制行本身也带有 top1/top1_drop 字段, 复算一致; 但它们不是 5窗口×7频段 的 35 个条件, 故不纳入 700 行主比对, 单独列出。 per-control max|diff|: {'full_mask_all': {'n': 20, 'max_abs': 2.7755575615628914e-17}, 'random_control': {'n': 20, 'max_abs': 0.0}, 'full_time_gamma': {'n': 20, 'max_abs': 2.5153490401663703e-17}}"
linear_identity,intra-subjects,ALL_35_CONDITIONS,sub01..sub10 (10 subjects),mean_paired_drop - (mean_baseline_top1 - mean_ablated_top1),35,,1.99927e-16,,,,PASS,"baseline 在被试间并不一致: per-subject baseline 各有取值, 故 mean_baseline 为被试级均值; 恒等式按被试级配对线性成立"
linear_identity,inter-subjects,ALL_35_CONDITIONS,sub01..sub10 (10 subjects),mean_paired_drop - (mean_baseline_top1 - mean_ablated_top1),35,,6.93889e-17,,,,PASS,"baseline 在被试间并不一致: per-subject baseline 各有取值, 故 mean_baseline 为被试级均值; 恒等式按被试级配对线性成立"
zero_variance_branch_code,both,code evidence,,recompute_inter_paired_drops.py:114-120 vs plot_generalization_temporal.py:192-197,,,,,,,PASS,"复算脚本 lines 114-116: if paired_sd==0.0 -> p_raw=1.0 (mean==0) else 0.0; 绘图脚本 lines 192-197: p_raw 初值 1.0, np.std(ddof=1)==0 -> 1.0(mean==0) else 0.0。两处行为一致。"
zero_variance_enumeration,intra-subjects,T0_0-50ms__alpha;T0_0-50ms__delta;T0_0-50ms__theta;T1_50-150ms__delta;T1_50-150ms__theta,sub01..sub10,,,,,5,,,INFO,"intra 无既有条件级汇总 CSV(仅在绘图脚本内计算, 未落盘), 故仅能核对分支逻辑; constant_nonzero(sd==0 但 mean!=0)=(none); mean==0 但 sd!=0(to t=0, p=1)=T2_150-300ms__high_gamma"
zero_variance_enumeration,inter-subjects,T0_0-50ms__alpha;T0_0-50ms__delta;T0_0-50ms__theta;T1_50-150ms__delta;T1_50-150ms__theta,sub01..sub10,,,,,5,p/q 均为 1/1 而非 NaN,,PASS,"已有 inter_paired_condition_summary.csv 中零方差条件 p=q=1; constant_nonzero(sd==0 但 mean!=0)=(none); 另注意 mean==0 但 sd!=0 的条件(其 p=1 来自 t=0, 非零方差分支)=T4_500-800ms__gamma"
fdr_nan_check,inter-subjects,ALL_35_CONDITIONS,,p_raw / q_fdr 有限性,35,,,,"p_raw_NaN=0, q_fdr_NaN=0, 非零方差条件 q 非有限=0",,PASS,"BH-FDR 输入 p 全部为有限值, 未见 NaN 传入"
stored_summary_internal_consistency,inter-subjects,ALL_35_CONDITIONS,,既有汇总列 max_abs_recomputed_vs_stored vs 本次复算同定义值,35,4.78925e-29,,,,,PASS,核验既有 inter_paired_condition_summary.csv 与本次独立复算的一致性
bh_fdr_replication,inter-subjects,ALL_35_CONDITIONS,,手写 BH q vs 既有汇总 q_fdr,35,1.12502e-12,,,,,PASS,"手写 BH(35 条件) 与既有汇总 CSV 的 q_fdr 逐条件比对; 最大绝对差 1.125e-12 完全来自既有 CSV 以 .12g(12 位有效数字) 打印 q 的舍入(如 0.247932284516875 打印为 0.247932284518), 非算法差异"
manual_verification,inter-subjects,T1_50-150ms__alpha,sub01..sub10 (n=10),paired drop 均值/SD/t/p 与 BH q 逐步验算,10,,,,,"drops=[0.15100000000000002, 0.11199999999999999, 0.05000000000000002, 0.093, 0.057999999999999996, 0.14600000000000002, 0.11700000000000002, 0.069, 0.10400000000000001, 0.15000000000000002]",PASS,"n=10; mean_baseline=0.2147; mean_ablated=0.1097; mean_drop=0.105; SD=0.03755; SE=0.0118743; t_hand=8.8426; t_scipy=8.8426; p_hand≈9.86152e-06; p_scipy=9.86152e-06 | 既有CSV: mean_paired_drop=0.105, sd=0.037549966711, t=8.8425951712, p=9.86152044781e-06, q=0.000345153215673, sig='**' | 手写BH q=0.000345153"
manual_verification,inter-subjects,T1_50-150ms__delta,sub01..sub10 (n=10),paired drop 均值/SD/t/p 与 BH q 逐步验算,10,,,,,"drops=[0.0, 0.0, 0.0, 0.0, 0.0, 0.0, 0.0, 0.0, 0.0, 0.0]",PASS,"n=10; mean_baseline=0.2147; mean_ablated=0.2147; mean_drop=0; SD=0; 分支: SD==0 且 mean==0 -> t=0, p=1（手算）; scipy 不适用 | 既有CSV: mean_paired_drop=0, sd=0, t=0, p=1, q=1, sig='' | 手写BH q=1"
manual_verification,inter-subjects,T4_500-800ms__gamma,sub01..sub10 (n=10),paired drop 均值/SD/t/p 与 BH q 逐步验算,10,,,,,"drops=[-0.0030000000000000027, 0.0, 0.0020000000000000018, -0.0010000000000000009, 0.0, 0.0, 0.0030000000000000027, 0.0, -0.0010000000000000009, 0.0]",PASS,"n=10; mean_baseline=0.2147; mean_ablated=0.2147; mean_drop=0; SD=0.00163299; SE=0.000516398; t_hand=0; t_scipy=0; p_hand≈1; p_scipy=1 | 既有CSV: mean_paired_drop=0, sd=0.00163299316186, t=0, p=1, q=1, sig='' | 手写BH q=1"
