source_file,source_lines,statistical_unit,test_method,n,correction_method,correction_scope,correction_scope_size,zero_variance_handling,nan_handling,significance_annotation,input_data,output_artifact,consistency_flag,note
scripts/temporal/recompute_inter_paired_drops.py,unit=21;87; test=15;118; zero=114;116; bh=40;141; sig=145;147; io=19-20;151,subject,paired one-sample t-test of subject-level drops vs 0 (scipy ttest_1samp),10 subjects (n_subjects=len(drops)); 5 seeds already averaged inside each subject CSV,"Benjamini-Hochberg (custom bh_fdr, same as fdr_bh)","all 35 time-frequency conditions of one setting, single BH pass",35,if paired_sd==0: p=1 when mean==0 else p=0 (lines 114-116),"no NaN passed to BH: zero-var branch yields finite p in {0,1}; q_fdr placeholder NaN is overwritten (141-143)",** = p_raw<0.05 AND q_fdr<0.05; * = p_raw<0.05 only (lines 144-147),results/temporal/generalization_ablation/generalization_stft_ablation_inter-subjects_sub01..10.csv,results/temporal/generalization_inter_paired/inter_paired_condition_summary.csv (supports caption q<0.05 claim),OK_INTERNAL / CONFLICT_TEST_AND_SCOPE,35 条件共同集由 20 个被试 CSV 交集校验；线性恒等式与 stored drop 复算在 Task2 覆盖。
scripts/temporal/plot_generalization_temporal.py,test=41;197; zero=194-195; bh=219; sig=139;141;143; io=49;51-52;301,subject,paired one-sample t-test of subject-level recomputed drops vs 0 (scipy ttest_1samp),10 subjects (n_subjects=len(drops1)); drops recomputed from paired subject accuracies,Benjamini-Hochberg (statsmodels multipletests fdr_bh),all conditions of the same setting at once (one BH pass per setting),35,if std(ddof=1)==0: p=1 when mean==0 else p=0 (lines 193-195),dropna() before test (187-188); zero-var handled before ttest so no NaN enters multipletests,"get_sig_asterisks: ** = p_raw<0.05 AND p_fdr<0.05; * = p_raw<0.05 (139-144, 221)","results/temporal/generalization_ablation/generalization_stft_ablation_{intra,inter}-subjects_sub01..10.csv","assets/temporal/group_{intra,inter}_temporal_heatmap.png / _top10.png / _ablation.png",OK_INTERNAL / CONFLICT_TEST_AND_SCOPE,与 recompute 脚本同口径（被试级 t + BH 跨 35 条件）；热力图单元格叠加 * / ** 标注。
scripts/temporal/statistical_testing.py,mcnemar=36;38;179; table=172-173; bh=48;193; io=197;202;206,sample (individual retrieval trial pairs),McNemar exact test (statsmodels mcnemar exact=True; binomtest fallback),"n = number of test samples (2x2 contingency b+c discordant pairs), not subjects",Benjamini-Hochberg (statsmodels multipletests fdr_bh),all pooled conditions from phase1+phase2+phase3 JSON in one BH pass,merged union (~97 rows in root results/temporal/mcnemar_fdr_results.csv),n==0 (no discordant pairs) -> p=1.0 (lines 43-44); else exact binomial,no explicit NaN handling; sample-level exact p is finite for n>0,"boolean Significant_FDR_0.05 column; no *, ** star scheme",Phase1/Phase2/Phase3 result JSON (raw_preds) — not the subject CSVs,results/temporal/mcnemar_fdr_results.csv and per-phase canonical mcnemar_fdr_results.csv,CONFLICT_TEST (sample-level McNemar coexists with subject-level paired t),与 generalization 分支的检验层级不同：McNemar 在样本(试次)层，配对 t 在被试层。
results/temporal/phase1_window_group/manifest.json,inference/group_unit=47-48; fdr=46; ci=9,subject (five seed-level paired drops averaged within subject),two-sided one-sample t-test of subject-level paired drops against zero,10 subjects per setting (5 seeds averaged within subject),Benjamini-Hochberg,separately for Top-1 and Top-5 across the FIVE windows within each setting,5,p=1 when all subject values==0 (generator line 441),"non-finite p excluded before BH; q stays NaN (finite check, lines 462-475)","q_bh_5windows columns only; no *, ** star scheme","results/temporal/phase1_window_group/{per_seed_metrics.csv,per_subject_condition.csv}",results/temporal/phase1_window_group/group_summary.csv,CONFLICT_SCOPE (5-window BH denominator vs 35-condition BH in generalization branch),分组单位=被试；与被试级配对 t 方法一致，但 FDR 分母仅为 5（窗口数），非 35。
scripts/temporal/run_phase1_window_generalization.py,test=24;442; zero=441; bh=301;470; scope=411;432;462; io=377;405;484,subject (subject_rows over per_subject_condition),paired one-sample t-test of subject-level drops vs 0 (scipy ttest_1samp),10 subjects; 5 seeds averaged within subject; per_seed_metrics keeps 600 seed rows,Benjamini-Hochberg (_bh_adjust),per setting x per metric (top1/top5) across the 5 windows only,5,p=1 if np.all(values==0) (line 441),valid_indices filters non-finite p before _bh_adjust (lines 462-475),no stars; q column top1_q_bh_5windows / top5_q_bh_5windows,per-run JSON (runs/*.json) -> per_seed_metrics.csv -> per_subject_condition.csv,"phase1_window_group/{per_seed_metrics.csv,per_subject_condition.csv,group_summary.csv,manifest.json}",CONFLICT_UNIT (seed-level rows retained) + CONFLICT_SCOPE (5-window BH),同一目录同时保留 seed 级(600 行)与被试级(100 行)产物；group 统计固定取被试级。
"results/temporal/phase1_window_group/{per_seed_metrics.csv,per_subject_condition.csv}",N/A (data files),seed-level rows AND subject-level rows coexist,n/a (input data),per_seed rows=600; per_subject rows=100,n/a,n/a,n/a,n/a,n/a,n/a,phase1_window_group runs JSON,group_summary.csv uses per_subject_condition (subject unit),CONFLICT_UNIT,seed 级文件(600 行)与被试级文件(100 行)并存，容易被误用; group 推断固定用被试级。
CONFLICT (a): recompute/plot vs phase1_window_group,recompute L141 (bh_fdr over 35) & plot L219 (multipletests 35) vs run_phase1 L462-475 / manifest L46 (BH over 5 windows),subject (both),paired one-sample t (both),10 subjects (both),BH (both) — but different denominators,35-condition FDR vs 5-window FDR,35 vs 5,both branch p=1,both filter non-finite / avoid NaN,** (35-cond branch) vs q_bh_5windows column (5-window branch),generalization_ablation/*.csv vs phase1_window_group/*.csv,Fig.2/Fig.3 heatmap & top10 vs phase1 group_summary (Fig.1 window claims),INCONSISTENT_CORRECTION_SCOPE,"同一类时间窗效应在两处使用不同 BH 分母：35 条件 vs 5 窗口。量化示例(同一 p, 同一 rank=1):q_35=35p 而 q_5=5p，相差 7 倍；p=0.002 时 q_35=0.070(不显著) 但 q_5=0.010(显著)。实证: inter_paired T0_0-50ms__beta p_raw=0.0406 在 35 条件下 q_fdr=0.1094(仅标 *)，若按 5 窗口分母(rank1)则 q≈0.041 会翻为 **；即同一条件在两种分母下显著性可翻转。"
CONFLICT (b): subject-level vs seed-level,"run_phase1 L386-405 (per_subject_condition, subject) & L379-384 grouped by subject vs L352-377 (per_seed_metrics.csv, seed-level rows retained)",subject (inference) vs seed (retained raw rows),paired t on subject-level drops (group_summary) — seed rows not tested directly,subjects=10 vs seeds=5 per subject (600 seed rows / 100 subject rows),BH over 5 windows (subject-level only),5,5,p=1 if all subject values==0,non-finite p excluded before BH,no stars,phase1_window_group/per_seed_metrics.csv (600 rows) + per_subject_condition.csv (100 rows),group_summary.csv (authoritative subject-level),INCONSISTENT_UNIT,"seed 级与被试级文件并存;若误在 seed 级(600 行)做检验, n 变为 50 而非 10, 会人为压低方差/放大显著性。"
CONFLICT (c): McNemar(sample) vs paired-t(subject),statistical_testing L36-45/L179 (mcnemar exact) & L193 (BH over merged set) vs recompute L118 & plot L197 (ttest_1samp subject-level),sample/trial (McNemar) vs subject (paired t),McNemar exact vs paired one-sample t,test samples (McNemar) vs 10 subjects (paired t),BH (both) — different denominators,merged union(~97) vs 35 conditions,97 vs 35,"McNemar n==0 -> p=1; paired t sd==0 -> p in {0,1}",McNemar finite; paired t avoids NaN to BH,Significant_FDR_0.05 (bool) vs * / ** stars,raw_preds JSON (McNemar) vs subject CSVs (paired t),mcnemar_fdr_results.csv vs group_*_temporal_heatmap.png,INCONSISTENT_TEST_LEVEL,"两套检验层级完全不同(样本级 vs 被试级), p 值与 n 不可直接比较。实证同一条件 T1_50-150ms__alpha: 样本级 McNemar 源 temporal_stft_ablation p_raw=5.73e-8/q=1.09e-6; 被试级配对 t 源 generalization_inter_paired p_raw=9.86e-6/q_fdr=3.45e-4 —— p 相差约 2 个数量级, 且校正分母(38 vs 35)亦不同。"
results/temporal/generalization_inter_paired/inter_paired_condition_summary.csv,q column=q_fdr; rows=35,subject,paired one-sample t (subject-level),10 subjects,BH,35 inter-subject conditions (single BH pass),35,n/a,nan q rows=0,** = p_raw<0.05 & q<0.05; * = p_raw<0.05,generalization_ablation inter-subjects sub01..10 CSVs,Fig.2/Fig.3 inter-group heatmap & top10,DATA_POINT,q<0.05 全部条件数=12; 其中纯时频(__)条件数=12; 清单=T1_50-150ms__alpha;T1_50-150ms__beta;T2_150-300ms__alpha;T2_150-300ms__beta;T2_150-300ms__delta;T2_150-300ms__theta;T3_300-500ms__alpha;T3_300-500ms__beta;T3_300-500ms__delta;T3_300-500ms__theta;T4_500-800ms__beta;T4_500-800ms__delta
results/temporal/temporal_stft_ablation/mcnemar_fdr_results.csv,q column=p_value_fdr; rows=38,sample (trial),McNemar exact,test samples,BH,merged phase1(+phase3) conditions in this file,,n/a,nan q rows=0,boolean Significant_FDR_0.05,Phase1 canonical JSON raw_preds (sub08 single run),supports Fig.2 canonical caption,CAPTION_CHECK,q<0.05 全部条件数=3; 其中纯时频(__)条件数=2; 清单=full_mask_all;T1_50-150ms__alpha;T2_150-300ms__beta
results/temporal/temporal_sub08_phase1_canonical/mcnemar_fdr_results.csv,q column=p_value_fdr; rows=37,sample (trial),McNemar exact,test samples,BH,canonical phase1 conditions,,n/a,nan q rows=37,boolean Significant_FDR_0.05; many q=NaN in file,sub08 canonical phase1 JSON,supports canonical Fig.2/Fig.3,DATA_POINT,q<0.05 全部条件数=0; 其中纯时频(__)条件数=0; 清单=(none)
results/temporal/temporal_sub08_phase2_canonical/intra-subjects-averaged/mcnemar_fdr_results.csv,q column=p_value_fdr; rows=54,sample (trial),McNemar exact,test samples,BH,phase2 canonical (scaling/phase_rand/noise) conditions,,n/a,nan q rows=0,boolean Significant_FDR_0.05,sub08 phase2 canonical JSON,supports Fig.4-7 phase3 perturb claims,DATA_POINT,q<0.05 全部条件数=36; 其中纯时频(__)条件数=36; 清单=T1_50-150ms__alpha_gaussian_noise_snr_db=-10.0;T1_50-150ms__alpha_gaussian_noise_snr_db=-5.0;T1_50-150ms__alpha_phase_rand_rand_ratio=1.0;T1_50-150ms__alpha_phase_rand_rand_ratio=0.75;T1_50-150ms__alpha_phase_rand_rand_ratio=0.5;T1_50-150ms__alpha_scaling_alpha=0.0;T1_50-150ms__alpha_scaling_alpha=0.1;T1_50-150ms__alpha_gaussian_noise_snr_db=0.0;T1_50-150ms__alpha_scaling_alpha=0.2;T2_150-300ms__beta_phase_rand_rand_ratio=1.0;T1_50-150ms__beta_gaussian_noise_snr_db=-10.0;T1_50-150ms__alpha_scaling_alpha=2.0;T2_150-300ms__beta_scaling_alpha=0.0;T1_50-150ms__alpha_phase_rand_rand_ratio=0.25;T1_50-150ms__alpha_scaling_alpha=0.4;T2_150-300ms__beta_phase_rand_rand_ratio=0.75;T2_150-300ms__beta_gaussian_noise_snr_db=-10.0;T1_50-150ms__beta_phase_rand_rand_ratio=1.0;T2_150-300ms__beta_scaling_alpha=0.1;T1_50-150ms__beta_phase_rand_rand_ratio=0.75;T2_150-300ms__beta_scaling_alpha=0.2;T1_50-150ms__alpha_gaussian_noise_snr_db=5.0;T1_50-150ms__beta_gaussian_noise_snr_db=-5.0;T2_150-300ms__beta_phase_rand_rand_ratio=0.5;T1_50-150ms__beta_scaling_alpha=0.0;T2_150-300ms__beta_scaling_alpha=2.0;T1_50-150ms__alpha_scaling_alpha=0.6;T1_50-150ms__beta_scaling_alpha=0.1;T1_50-150ms__beta_phase_rand_rand_ratio=0.5;T2_150-300ms__beta_scaling_alpha=0.4;T2_150-300ms__beta_gaussian_noise_snr_db=-5.0;T1_50-150ms__beta_scaling_alpha=0.2;T1_50-150ms__alpha_scaling_alpha=1.5;T1_50-150ms__alpha_gaussian_noise_snr_db=10.0;T1_50-150ms__beta_scaling_alpha=2.0;T2_150-300ms__beta_gaussian_noise_snr_db=0.0
results/temporal/phase1_window_group/group_summary.csv,q column=top1_q_bh_5windows; rows=10,subject,paired one-sample t (subject-level),10 subjects x 5 seeds,BH,5 windows per setting (top1),5,n/a,nan q rows=0,no stars; q_bh_5windows column,phase1_window_group per_subject_condition.csv,Fig.1 window-level group significance,DATA_POINT,q<0.05 全部条件数=10; 其中纯时频(__)条件数=0; 清单=T0;T1;T2;T3;T4;T0;T1;T2;T3;T4
assets/temporal/figure_captions.md (Fig.3) vs data sources,figure_captions.md L27/L30 (claim) vs qcounts (data),sample (matched: results/temporal/temporal_stft_ablation/mcnemar_fdr_results.csv); subject (generalization) undoes it,caption implies single test; matched=McNemar exact; multi-subject=paired t,matched: test samples (sub08 single run); generalization: 10 subjects,BH (sources),matched BH merged-set(38) vs generalization BH=35 conditions,38 vs 35,n/a,n/a,claim: 2 strict(**); matched source TF q<0.05=2; generalization marks 13 conditions with */**,temporal_stft_ablation/mcnemar_fdr_results.csv (matched) vs generalization_inter_paired (multi-subject),assets/temporal/fig3_phase2_top10.png / figure_captions.md Fig.3,CAPTION_MISMATCH,"图注 Fig.3 声称 T1xalpha 与 T2xbeta 为『仅有的严格显著(** q<0.05)』特征。判定：该断言对应来源为 results/temporal/temporal_stft_ablation/mcnemar_fdr_results.csv——其纯时频(__)条件中 q<0.05 恰为 2 个(全部 q<0.05 行=3, 多出的为非时频对照 full_mask_all)；该源为 sub08 单次运行、样本级 McNemar、BH 合并全集(38 项)口径。而多被试 generalization_inter_paired(被试级配对 t, BH 跨 35 条件)下 q<0.05 条件数=12，显著性标注(*及**)=13 个条件，均远超 2。结论：Fig.3 图注的『仅两个严格显著』只对单被试单次 McNemar 源成立，与被试级泛化结果不一致。"
