figure_file,figure_label,asset_type,generating_script,script_path,input_csv,input_subject_scope,input_seed_scope,n_rows,n_cols,has_35_conditions,baseline_row_unique,unit,data_generation,caption_reference_csv,caption_values_match,caption_note,regeneratable_from_mirror,status
fig1_phase1_full_freq.png,Fig.1 Phase1 full-frequency window masking,figure,ablation_visualize.py::plot_phase3_bar,scripts/temporal/ablation_visualize.py,results/temporal/phase3_full_freq_masking/phase3_window_masking_results.csv,sub08 (single subject),single run,6,6,False,True,fraction(0-1),"sub08 single-run legacy full-freq (T1 0.190, T2 0.140)",results/temporal/phase3_full_freq_masking/phase3_window_masking_results.csv,True,"对照 results/temporal/phase3_full_freq_masking/phase3_window_masking_results.csv: full_freq_T1.top1_drop=0.19 (期望 0.19, OK); full_freq_T2.top1_drop=0.14 (期望 0.14, OK) || 跨代次: group_summary intra-subjects T1=0.3208 | group_summary intra-subjects T2=0.4642 | group_summary inter-subjects T1=0.1182 | group_summary inter-subjects T2=0.1589 | inter_paired T1_50-150ms__alpha=0.1050 | inter_paired T2_150-300ms__beta=0.0459 | canonical_phase2 intra T1xalpha scaling alpha=0 drop=0.1760",no (output dir=assets/temporal_ablation; input paths -> scripts/temporal/results/* not in mirror),TRACED
fig2_phase2_heatmap.png,Fig.2 Phase2 STFT time-frequency heatmap,figure,ablation_visualize.py::plot_heatmap,scripts/temporal/ablation_visualize.py,results/temporal/temporal_sub08_phase1_canonical/stft_ablation_results.csv,sub08 (single subject),single run,38,8,True,True,fraction(0-1),"sub08 canonical phase1 STFT (T1xalpha 0.176, T2xbeta 0.093)",results/temporal/temporal_stft_ablation/stft_ablation_results.csv,True,"对照 results/temporal/temporal_stft_ablation/stft_ablation_results.csv: T1_50-150ms__alpha.top1_drop=0.185 (期望 0.185, OK); T2_150-300ms__beta.top1_drop=0.11 (期望 0.11, OK) || GENERATION MISMATCH: figure script input=results/temporal/temporal_sub08_phase1_canonical/stft_ablation_results.csv 而图注引用=results/temporal/temporal_stft_ablation/stft_ablation_results.csv (引用旧代次=STALE) || 跨代次: group_summary intra-subjects T1=0.3208 | group_summary intra-subjects T2=0.4642 | group_summary inter-subjects T1=0.1182 | group_summary inter-subjects T2=0.1589 | inter_paired T1_50-150ms__alpha=0.1050 | inter_paired T2_150-300ms__beta=0.0459 | canonical_phase2 intra T1xalpha scaling alpha=0 drop=0.1760",no (output dir=assets/temporal_ablation; input paths not in mirror),TRACED
fig3_phase2_top10.png,Fig.3 Phase2 top-10 accuracy drop,figure,ablation_visualize.py::plot_phase1_bar,scripts/temporal/ablation_visualize.py,results/temporal/temporal_sub08_phase1_canonical/stft_ablation_results.csv,sub08 (single subject),single run,38,8,True,True,fraction(0-1),"sub08 canonical phase1 STFT (T1xalpha 0.176, T2xbeta 0.093)",results/temporal/temporal_stft_ablation/stft_ablation_results.csv,True,"对照 results/temporal/temporal_stft_ablation/stft_ablation_results.csv: T1_50-150ms__alpha.top1_drop=0.185 (期望 0.185, OK); T2_150-300ms__beta.top1_drop=0.11 (期望 0.11, OK) || GENERATION MISMATCH: figure script input=results/temporal/temporal_sub08_phase1_canonical/stft_ablation_results.csv 而图注引用=results/temporal/temporal_stft_ablation/stft_ablation_results.csv (引用旧代次=STALE) || 跨代次: group_summary intra-subjects T1=0.3208 | group_summary intra-subjects T2=0.4642 | group_summary inter-subjects T1=0.1182 | group_summary inter-subjects T2=0.1589 | inter_paired T1_50-150ms__alpha=0.1050 | inter_paired T2_150-300ms__beta=0.0459 | canonical_phase2 intra T1xalpha scaling alpha=0 drop=0.1760",no (output dir=assets/temporal_ablation; input paths not in mirror),TRACED
fig4_phase3a_scaling.png,Fig.4 Phase3A amplitude scaling dose-response,figure,ablation_visualize.py::plot_scaling_curve,scripts/temporal/ablation_visualize.py,results/temporal/temporal_sub08_phase2_canonical/intra-subjects-averaged/phase2_canonical_averaged.csv,sub08 (single subject),"5 seeds averaged (42,1234,2025,3407,9999)",60,14,False,False,fraction(0-1),sub08 5-seed averaged canonical (phase2 perturb),results/temporal/temporal_sub08_phase2_canonical/intra-subjects-averaged/phase2_canonical_averaged.csv,,图注无显式数值断言,no (output dir=assets/temporal_ablation; input paths not in mirror),TRACED
fig5_phase3b_phase_rand.png,Fig.5 Phase3B phase randomization,figure,ablation_visualize.py::plot_phase_curve,scripts/temporal/ablation_visualize.py,results/temporal/temporal_sub08_phase2_canonical/intra-subjects-averaged/phase2_canonical_averaged.csv,sub08 (single subject),"5 seeds averaged (42,1234,2025,3407,9999)",60,14,False,False,fraction(0-1),sub08 5-seed averaged canonical (phase2 perturb),results/temporal/temporal_sub08_phase2_canonical/intra-subjects-averaged/phase2_canonical_averaged.csv,,图注无显式数值断言,no (output dir=assets/temporal_ablation; input paths not in mirror),TRACED
fig6_phase3c_noise.png,Fig.6 Phase3C Gaussian noise injection,figure,ablation_visualize.py::plot_noise_curve,scripts/temporal/ablation_visualize.py,results/temporal/temporal_sub08_phase2_canonical/intra-subjects-averaged/phase2_canonical_averaged.csv,sub08 (single subject),"5 seeds averaged (42,1234,2025,3407,9999)",60,14,False,False,fraction(0-1),sub08 5-seed averaged canonical (phase2 perturb),results/temporal/temporal_sub08_phase2_canonical/intra-subjects-averaged/phase2_canonical_averaged.csv,,图注无显式数值断言,no (output dir=assets/temporal_ablation; input paths not in mirror),TRACED
fig7_phase3_summary.png,Fig.7 Phase3 summary (perturbation types at max strength),figure,ablation_visualize.py::plot_phase2_summary,scripts/temporal/ablation_visualize.py,results/temporal/temporal_sub08_phase2_canonical/intra-subjects-averaged/phase2_canonical_averaged.csv,sub08 (single subject),"5 seeds averaged (42,1234,2025,3407,9999)",60,14,False,False,fraction(0-1),sub08 5-seed averaged canonical (phase2 perturb),results/temporal/temporal_sub08_phase2_canonical/intra-subjects-averaged/phase2_canonical_averaged.csv,,图注无显式数值断言,no (output dir=assets/temporal_ablation; input paths not in mirror),TRACED
fig7_phase3_bar.png,Fig.7b Phase3 bar (UNTRACED),figure,,,,unknown,unknown,,,,,,no generating code found in scripts/temporal,,,图注无显式数值断言,no,UNTRACED
Fig3_Temporal_Composite.png,"Composite Fig.3 (A phase3 bar, B STFT heatmap, C top10, D perturb summary)",figure,plot_composite_fig3.py::main,scripts/temporal/plot_composite_fig3.py,results/temporal/temporal_stft_ablation/stft_ablation_results.csv; results/temporal/temporal_amplitude_ablation/amplitude_ablation_results.csv; results/temporal/phase3_full_freq_masking/phase3_window_masking_results.csv,sub08 (single subject),single run,39,10,True,True,fraction(0-1),"sub08 single-run STFT legacy (unrounded; T1xalpha 0.185, T2xbeta 0.110)",,,图注无显式数值断言,no (output dir=assets/temporal_ablation; input glob scripts/temporal/results/* not in mirror),TRACED
group_intra_temporal_heatmap.png,Group intra-subjects temporal heatmap,figure,plot_generalization_temporal.py::plot_heatmap,scripts/temporal/plot_generalization_temporal.py,results/temporal/generalization_ablation/generalization_stft_ablation_intra-subjects_sub01..10.csv,sub01 (one of sub01..sub10; intra),5 seeds (per-subject average),39,10,True,True,fraction(0-1),10 subjects x 5-seed averaged (per-subject CSV),,,图注无显式数值断言,partial (inputs present; needs matplotlib+pandas+statsmodels; output dir resolves to assets/temporal),TRACED
group_inter_temporal_heatmap.png,Group inter-subjects temporal heatmap,figure,plot_generalization_temporal.py::plot_heatmap,scripts/temporal/plot_generalization_temporal.py,results/temporal/generalization_ablation/generalization_stft_ablation_inter-subjects_sub01..10.csv,sub01 (one of sub01..sub10; inter),5 seeds (per-subject average),39,10,True,True,fraction(0-1),10 subjects x 5-seed averaged (per-subject CSV),,,图注无显式数值断言,partial (inputs present; needs matplotlib+pandas+statsmodels; output dir resolves to assets/temporal),TRACED
,CSV_INVENTORY,csv_inventory,ablation_temporal_generalization.py,,results/temporal/generalization_ablation/generalization_stft_ablation_inter-subjects_sub01.csv,sub01 (one of sub01..sub10; inter),5 seeds (per-subject average),39,10,True,True,fraction(0-1),10 subjects x 5-seed averaged (per-subject CSV),,,matched 35-cond hits=35,see figure rows,TRACED
,CSV_INVENTORY,csv_inventory,ablation_temporal_generalization.py,,results/temporal/generalization_ablation/generalization_stft_ablation_inter-subjects_sub02.csv,sub02 (one of sub01..sub10; inter),5 seeds (per-subject average),39,10,True,True,fraction(0-1),10 subjects x 5-seed averaged (per-subject CSV),,,matched 35-cond hits=35,see figure rows,TRACED
,CSV_INVENTORY,csv_inventory,ablation_temporal_generalization.py,,results/temporal/generalization_ablation/generalization_stft_ablation_inter-subjects_sub03.csv,sub03 (one of sub01..sub10; inter),5 seeds (per-subject average),39,10,True,True,fraction(0-1),10 subjects x 5-seed averaged (per-subject CSV),,,matched 35-cond hits=35,see figure rows,TRACED
,CSV_INVENTORY,csv_inventory,ablation_temporal_generalization.py,,results/temporal/generalization_ablation/generalization_stft_ablation_inter-subjects_sub04.csv,sub04 (one of sub01..sub10; inter),5 seeds (per-subject average),39,10,True,True,fraction(0-1),10 subjects x 5-seed averaged (per-subject CSV),,,matched 35-cond hits=35,see figure rows,TRACED
,CSV_INVENTORY,csv_inventory,ablation_temporal_generalization.py,,results/temporal/generalization_ablation/generalization_stft_ablation_inter-subjects_sub05.csv,sub05 (one of sub01..sub10; inter),5 seeds (per-subject average),39,10,True,True,fraction(0-1),10 subjects x 5-seed averaged (per-subject CSV),,,matched 35-cond hits=35,see figure rows,TRACED
,CSV_INVENTORY,csv_inventory,ablation_temporal_generalization.py,,results/temporal/generalization_ablation/generalization_stft_ablation_inter-subjects_sub06.csv,sub06 (one of sub01..sub10; inter),5 seeds (per-subject average),39,10,True,True,fraction(0-1),10 subjects x 5-seed averaged (per-subject CSV),,,matched 35-cond hits=35,see figure rows,TRACED
,CSV_INVENTORY,csv_inventory,ablation_temporal_generalization.py,,results/temporal/generalization_ablation/generalization_stft_ablation_inter-subjects_sub07.csv,sub07 (one of sub01..sub10; inter),5 seeds (per-subject average),39,10,True,True,fraction(0-1),10 subjects x 5-seed averaged (per-subject CSV),,,matched 35-cond hits=35,see figure rows,TRACED
,CSV_INVENTORY,csv_inventory,ablation_temporal_generalization.py,,results/temporal/generalization_ablation/generalization_stft_ablation_inter-subjects_sub08.csv,sub08 (one of sub01..sub10; inter),5 seeds (per-subject average),39,10,True,True,fraction(0-1),10 subjects x 5-seed averaged (per-subject CSV),,,matched 35-cond hits=35,see figure rows,TRACED
,CSV_INVENTORY,csv_inventory,ablation_temporal_generalization.py,,results/temporal/generalization_ablation/generalization_stft_ablation_inter-subjects_sub09.csv,sub09 (one of sub01..sub10; inter),5 seeds (per-subject average),39,10,True,True,fraction(0-1),10 subjects x 5-seed averaged (per-subject CSV),,,matched 35-cond hits=35,see figure rows,TRACED
,CSV_INVENTORY,csv_inventory,ablation_temporal_generalization.py,,results/temporal/generalization_ablation/generalization_stft_ablation_inter-subjects_sub10.csv,sub10 (one of sub01..sub10; inter),5 seeds (per-subject average),39,10,True,True,fraction(0-1),10 subjects x 5-seed averaged (per-subject CSV),,,matched 35-cond hits=35,see figure rows,TRACED
,CSV_INVENTORY,csv_inventory,ablation_temporal_generalization.py,,results/temporal/generalization_ablation/generalization_stft_ablation_intra-subjects_sub01.csv,sub01 (one of sub01..sub10; intra),5 seeds (per-subject average),39,10,True,True,fraction(0-1),10 subjects x 5-seed averaged (per-subject CSV),,,matched 35-cond hits=35,see figure rows,TRACED
,CSV_INVENTORY,csv_inventory,ablation_temporal_generalization.py,,results/temporal/generalization_ablation/generalization_stft_ablation_intra-subjects_sub02.csv,sub02 (one of sub01..sub10; intra),5 seeds (per-subject average),39,10,True,True,fraction(0-1),10 subjects x 5-seed averaged (per-subject CSV),,,matched 35-cond hits=35,see figure rows,TRACED
,CSV_INVENTORY,csv_inventory,ablation_temporal_generalization.py,,results/temporal/generalization_ablation/generalization_stft_ablation_intra-subjects_sub03.csv,sub03 (one of sub01..sub10; intra),5 seeds (per-subject average),39,10,True,True,fraction(0-1),10 subjects x 5-seed averaged (per-subject CSV),,,matched 35-cond hits=35,see figure rows,TRACED
,CSV_INVENTORY,csv_inventory,ablation_temporal_generalization.py,,results/temporal/generalization_ablation/generalization_stft_ablation_intra-subjects_sub04.csv,sub04 (one of sub01..sub10; intra),5 seeds (per-subject average),39,10,True,True,fraction(0-1),10 subjects x 5-seed averaged (per-subject CSV),,,matched 35-cond hits=35,see figure rows,TRACED
,CSV_INVENTORY,csv_inventory,ablation_temporal_generalization.py,,results/temporal/generalization_ablation/generalization_stft_ablation_intra-subjects_sub05.csv,sub05 (one of sub01..sub10; intra),5 seeds (per-subject average),39,10,True,True,fraction(0-1),10 subjects x 5-seed averaged (per-subject CSV),,,matched 35-cond hits=35,see figure rows,TRACED
,CSV_INVENTORY,csv_inventory,ablation_temporal_generalization.py,,results/temporal/generalization_ablation/generalization_stft_ablation_intra-subjects_sub06.csv,sub06 (one of sub01..sub10; intra),5 seeds (per-subject average),39,10,True,True,fraction(0-1),10 subjects x 5-seed averaged (per-subject CSV),,,matched 35-cond hits=35,see figure rows,TRACED
,CSV_INVENTORY,csv_inventory,ablation_temporal_generalization.py,,results/temporal/generalization_ablation/generalization_stft_ablation_intra-subjects_sub07.csv,sub07 (one of sub01..sub10; intra),5 seeds (per-subject average),39,10,True,True,fraction(0-1),10 subjects x 5-seed averaged (per-subject CSV),,,matched 35-cond hits=35,see figure rows,TRACED
,CSV_INVENTORY,csv_inventory,ablation_temporal_generalization.py,,results/temporal/generalization_ablation/generalization_stft_ablation_intra-subjects_sub08.csv,sub08 (one of sub01..sub10; intra),5 seeds (per-subject average),39,10,True,True,fraction(0-1),10 subjects x 5-seed averaged (per-subject CSV),,,matched 35-cond hits=35,see figure rows,TRACED
,CSV_INVENTORY,csv_inventory,ablation_temporal_generalization.py,,results/temporal/generalization_ablation/generalization_stft_ablation_intra-subjects_sub09.csv,sub09 (one of sub01..sub10; intra),5 seeds (per-subject average),39,10,True,True,fraction(0-1),10 subjects x 5-seed averaged (per-subject CSV),,,matched 35-cond hits=35,see figure rows,TRACED
,CSV_INVENTORY,csv_inventory,ablation_temporal_generalization.py,,results/temporal/generalization_ablation/generalization_stft_ablation_intra-subjects_sub10.csv,sub10 (one of sub01..sub10; intra),5 seeds (per-subject average),39,10,True,True,fraction(0-1),10 subjects x 5-seed averaged (per-subject CSV),,,matched 35-cond hits=35,see figure rows,TRACED
,CSV_INVENTORY,csv_inventory,recompute_inter_paired_drops.py,,results/temporal/generalization_inter_paired/inter_paired_condition_summary.csv,sub01..sub10 (inter),5 seeds (inherited from generalization_ablation),35,16,True,False,fraction(0-1),recomputed from generalization_ablation (subject-level paired drops),,,matched 35-cond hits=35,see figure rows,TRACED
,CSV_INVENTORY,csv_inventory,recompute_inter_paired_drops.py,,results/temporal/generalization_inter_paired/inter_paired_subject_drops.csv,sub01..sub10 (inter),5 seeds (inherited from generalization_ablation),350,10,True,False,fraction(0-1),recomputed from generalization_ablation (subject-level paired drops),,,matched 35-cond hits=35,see figure rows,TRACED
,CSV_INVENTORY,csv_inventory,statistical_testing.py,,results/temporal/mcnemar_fdr_results.csv,sub08 (single subject),single run,97,9,True,False,fraction(0-1),root McNemar/FDR stats (Phase3_* keys),,,matched 35-cond hits=35,see figure rows,TRACED
,CSV_INVENTORY,csv_inventory,run_phase1_window_generalization.py,,results/temporal/phase1_window_group/group_summary.csv,sub01..sub10,5 seeds per subject,10,17,False,False,fraction(0-1),"10 subjects x 5 seeds, 5-window group stats",,,matched 35-cond hits=0,see figure rows,TRACED
,CSV_INVENTORY,csv_inventory,run_phase1_window_generalization.py,,results/temporal/phase1_window_group/per_seed_metrics.csv,sub01..sub10,"5 seeds per subject (42,1234,2025,3407,9999)",600,14,False,False,fraction(0-1),"10 subjects x 5 seeds, 5-window group stats",,,matched 35-cond hits=0,see figure rows,TRACED
,CSV_INVENTORY,csv_inventory,run_phase1_window_generalization.py,,results/temporal/phase1_window_group/per_subject_condition.csv,sub01..sub10,5 seeds per subject,100,10,False,False,fraction(0-1),"10 subjects x 5 seeds, 5-window group stats",,,matched 35-cond hits=0,see figure rows,TRACED
,CSV_INVENTORY,csv_inventory,UNTRACED (phase3 runner not present in mirror),,results/temporal/phase3_full_freq_masking/mcnemar_fdr_results.csv,sub08 (single subject),single run,5,9,False,False,fraction(0-1),sub08 single-run full-freq McNemar/FDR stats,,,matched 35-cond hits=0,see figure rows,TRACED
,CSV_INVENTORY,csv_inventory,UNTRACED (phase3 runner not present in mirror),,results/temporal/phase3_full_freq_masking/phase3_full_freq_masking_results.csv,sub08 (single subject),single run,6,9,False,True,fraction(0-1),"sub08 single-run alternate full-freq (T1 0.265, T2 0.455)",,,matched 35-cond hits=0,see figure rows,TRACED
,CSV_INVENTORY,csv_inventory,UNTRACED (phase3 runner not present in mirror),,results/temporal/phase3_full_freq_masking/phase3_window_masking_results.csv,sub08 (single subject),single run,6,6,False,True,fraction(0-1),"sub08 single-run legacy full-freq (T1 0.190, T2 0.140)",,,matched 35-cond hits=0,see figure rows,TRACED
,CSV_INVENTORY,csv_inventory,ablation_temporal_amplitude.py,,results/temporal/temporal_amplitude_ablation/amplitude_ablation_results.csv,sub08 (single subject),single run,60,10,False,False,fraction(0-1),sub08 single-run amplitude/phase/noise,,,matched 35-cond hits=3,see figure rows,TRACED
,CSV_INVENTORY,csv_inventory,ablation_temporal_stft.py (mirror); ablation_temporal_stft_v2b MISSING,,results/temporal/temporal_stft_ablation/mcnemar_fdr_results.csv,sub08 (single subject),single run,38,9,True,False,fraction(0-1),sub08 single-run STFT McNemar/FDR stats,,,matched 35-cond hits=35,see figure rows,TRACED
,CSV_INVENTORY,csv_inventory,ablation_temporal_stft.py (mirror); ablation_temporal_stft_v2b MISSING,,results/temporal/temporal_stft_ablation/stft_ablation_results.csv,sub08 (single subject),single run,39,10,True,True,fraction(0-1),"sub08 single-run STFT legacy (unrounded; T1xalpha 0.185, T2xbeta 0.110)",,,matched 35-cond hits=35,see figure rows,TRACED
,CSV_INVENTORY,csv_inventory,run_temporal_sub08_phase1_canonical.py,,results/temporal/temporal_sub08_phase1_canonical/mcnemar_fdr_results.csv,sub08 (single subject),single run,37,4,True,False,n/a,sub08 canonical phase1 McNemar/FDR stats,,,matched 35-cond hits=35,see figure rows,TRACED
,CSV_INVENTORY,csv_inventory,run_temporal_sub08_phase1_canonical.py,,results/temporal/temporal_sub08_phase1_canonical/stft_ablation_results.csv,sub08 (single subject),single run,38,8,True,True,fraction(0-1),"sub08 canonical phase1 STFT (T1xalpha 0.176, T2xbeta 0.093)",,,matched 35-cond hits=35,see figure rows,TRACED
,CSV_INVENTORY,csv_inventory,run_temporal_sub08_phase2_canonical.py,,results/temporal/temporal_sub08_phase2_canonical/inter-subjects-averaged/phase2_canonical_averaged.csv,sub08 (single subject),"5 seeds averaged (42,1234,2025,3407,9999)",60,14,False,False,fraction(0-1),sub08 5-seed averaged canonical (phase2 perturb),,,matched 35-cond hits=3,see figure rows,TRACED
,CSV_INVENTORY,csv_inventory,run_temporal_sub08_phase2_canonical.py,,results/temporal/temporal_sub08_phase2_canonical/inter-subjects-averaged/seeds/seed-1234/phase2_seed_results.csv,sub08 (single subject),seed-1234 (single run),60,14,False,False,fraction(0-1),sub08 single-seed canonical (phase2 perturb),,,matched 35-cond hits=3,see figure rows,TRACED
,CSV_INVENTORY,csv_inventory,run_temporal_sub08_phase2_canonical.py,,results/temporal/temporal_sub08_phase2_canonical/inter-subjects-averaged/seeds/seed-2025/phase2_seed_results.csv,sub08 (single subject),seed-2025 (single run),60,14,False,False,fraction(0-1),sub08 single-seed canonical (phase2 perturb),,,matched 35-cond hits=3,see figure rows,TRACED
,CSV_INVENTORY,csv_inventory,run_temporal_sub08_phase2_canonical.py,,results/temporal/temporal_sub08_phase2_canonical/inter-subjects-averaged/seeds/seed-3407/phase2_seed_results.csv,sub08 (single subject),seed-3407 (single run),60,14,False,False,fraction(0-1),sub08 single-seed canonical (phase2 perturb),,,matched 35-cond hits=3,see figure rows,TRACED
,CSV_INVENTORY,csv_inventory,run_temporal_sub08_phase2_canonical.py,,results/temporal/temporal_sub08_phase2_canonical/inter-subjects-averaged/seeds/seed-42/phase2_seed_results.csv,sub08 (single subject),seed-42 (single run),60,14,False,False,fraction(0-1),sub08 single-seed canonical (phase2 perturb),,,matched 35-cond hits=3,see figure rows,TRACED
,CSV_INVENTORY,csv_inventory,run_temporal_sub08_phase2_canonical.py,,results/temporal/temporal_sub08_phase2_canonical/inter-subjects-averaged/seeds/seed-9999/phase2_seed_results.csv,sub08 (single subject),seed-9999 (single run),60,14,False,False,fraction(0-1),sub08 single-seed canonical (phase2 perturb),,,matched 35-cond hits=3,see figure rows,TRACED
,CSV_INVENTORY,csv_inventory,run_temporal_sub08_phase2_canonical.py,,results/temporal/temporal_sub08_phase2_canonical/intra-subjects-averaged/mcnemar_fdr_results.csv,sub08 (single subject),single run,54,9,False,False,fraction(0-1),sub08 canonical phase2 McNemar/FDR stats,,,matched 35-cond hits=0,see figure rows,TRACED
,CSV_INVENTORY,csv_inventory,run_temporal_sub08_phase2_canonical.py,,results/temporal/temporal_sub08_phase2_canonical/intra-subjects-averaged/phase2_canonical_averaged.csv,sub08 (single subject),"5 seeds averaged (42,1234,2025,3407,9999)",60,14,False,False,fraction(0-1),sub08 5-seed averaged canonical (phase2 perturb),,,matched 35-cond hits=3,see figure rows,TRACED
,CSV_INVENTORY,csv_inventory,run_temporal_sub08_phase2_canonical.py,,results/temporal/temporal_sub08_phase2_canonical/intra-subjects-averaged/seeds/seed-1234/phase2_seed_results.csv,sub08 (single subject),seed-1234 (single run),60,14,False,False,fraction(0-1),sub08 single-seed canonical (phase2 perturb),,,matched 35-cond hits=3,see figure rows,TRACED
,CSV_INVENTORY,csv_inventory,run_temporal_sub08_phase2_canonical.py,,results/temporal/temporal_sub08_phase2_canonical/intra-subjects-averaged/seeds/seed-2025/phase2_seed_results.csv,sub08 (single subject),seed-2025 (single run),60,14,False,False,fraction(0-1),sub08 single-seed canonical (phase2 perturb),,,matched 35-cond hits=3,see figure rows,TRACED
,CSV_INVENTORY,csv_inventory,run_temporal_sub08_phase2_canonical.py,,results/temporal/temporal_sub08_phase2_canonical/intra-subjects-averaged/seeds/seed-3407/phase2_seed_results.csv,sub08 (single subject),seed-3407 (single run),60,14,False,False,fraction(0-1),sub08 single-seed canonical (phase2 perturb),,,matched 35-cond hits=3,see figure rows,TRACED
,CSV_INVENTORY,csv_inventory,run_temporal_sub08_phase2_canonical.py,,results/temporal/temporal_sub08_phase2_canonical/intra-subjects-averaged/seeds/seed-42/phase2_seed_results.csv,sub08 (single subject),seed-42 (single run),60,14,False,False,fraction(0-1),sub08 single-seed canonical (phase2 perturb),,,matched 35-cond hits=3,see figure rows,TRACED
,CSV_INVENTORY,csv_inventory,run_temporal_sub08_phase2_canonical.py,,results/temporal/temporal_sub08_phase2_canonical/intra-subjects-averaged/seeds/seed-9999/phase2_seed_results.csv,sub08 (single subject),seed-9999 (single run),60,14,False,False,fraction(0-1),sub08 single-seed canonical (phase2 perturb),,,matched 35-cond hits=3,see figure rows,TRACED
,CSV_INVENTORY,csv_inventory,UNTRACED (fixture generator not present in mirror),,results/temporal/verification/visualize_fixture_phase1.csv,none (synthetic fixture),single run,4,10,False,True,fraction(0-1),synthetic fixture (visualization smoke test),,,matched 35-cond hits=3,see figure rows,TRACED
,CSV_INVENTORY,csv_inventory,UNTRACED (fixture generator not present in mirror),,results/temporal/verification/visualize_fixture_phase2.csv,none (synthetic fixture),single run,12,10,False,False,fraction(0-1),synthetic fixture (visualization smoke test),,,matched 35-cond hits=2,see figure rows,TRACED
gamma_anomaly_report.txt,supplementary,supplementary,ablation_visualize.py::generate_gamma_anomaly_report,scripts/temporal/ablation_visualize.py,results/temporal/temporal_sub08_phase1_canonical/stft_ablation_results.csv,sub08 (single subject),single run,n/a,n/a,n/a,n/a,fraction(0-1),derived from canonical phase1 STFT (gamma top1_drop<0 rows),,,text report of gamma anomalies,no (output dir=assets/temporal_ablation; input paths not in mirror),TRACED
figure_captions.md,supplementary,supplementary,,,,,,n/a,n/a,n/a,n/a,n/a,authored captions document (no generating code),,,caption text audited against referenced CSVs,n/a (manual document),TRACED
