setting,condition,time_window_key,subject_count,seed_count_per_subject,mean_top1_drop,sd_top1_drop,top1_ci95_low,top1_ci95_high,top1_p,mean_top5_drop,sd_top5_drop,top5_ci95_low,top5_ci95_high,top5_p,top1_q_bh_5windows,top5_q_bh_5windows
intra-subjects,T0,T0_0-52ms,10,5,0.015299999713897708,0.01014396232675308,0.00804344620954864,0.022556553218246775,0.0010159057379312687,0.009900002479553223,0.011948500848062246,0.0013525598818955528,0.018447445077210894,0.02780527394066743,0.0010159057379312687,0.02780527394066743
intra-subjects,T1,T1_52-152ms,10,5,0.3207999995350838,0.07225387013232683,0.2691126945528163,0.37248730451735135,2.0006406877822766e-07,0.28640000462532045,0.08971212932246862,0.22222381336515917,0.3505761958854817,3.3062543232585234e-06,3.3344011463037943e-07,5.510423872097539e-06
intra-subjects,T2,T2_152-300ms,10,5,0.46420000076293944,0.07144819025524114,0.41308904444474676,0.5153109570811322,7.160734330619269e-09,0.5019000008702279,0.08073888128209519,0.4441428845647355,0.5596571171757203,1.057181927943206e-08,3.522605300192917e-08,5.2859096397160304e-08
intra-subjects,T3,T3_300-500ms,10,5,0.18549999892711638,0.030830176448307548,0.16344541929252543,0.20755457856170734,1.409042120077167e-08,0.13889999985694884,0.03893713158313792,0.11104605388026265,0.16675394583363504,1.301247265431348e-06,3.522605300192917e-08,3.2531181635783704e-06
intra-subjects,T4,T4_500-800ms,10,5,0.08799999833106995,0.031818929174559,0.0652381076054577,0.11076188905668219,1.0787032395297938e-05,0.05830000638961792,0.024386012456983807,0.040855303969427895,0.07574470880980795,3.467715453852463e-05,1.3483790494122423e-05,4.334644317315579e-05
inter-subjects,T0,T0_0-52ms,10,5,0.01179999992251396,0.015604842260138129,0.0006369682451412735,0.022963031599886646,0.04047522639038866,0.016199997067451476,0.016538169731112808,0.004369303138184918,0.02803069099671803,0.012771508863376465,0.04047522639038866,0.012771508863376465
inter-subjects,T1,T1_52-152ms,10,5,0.11819999843835831,0.04147770356837959,0.08852863674691389,0.14787136012980273,8.448410024421133e-06,0.24310000121593472,0.0637973318323995,0.19746213930712564,0.2887378631247438,7.43254871927212e-07,1.4080683374035222e-05,1.8581371798180298e-06
inter-subjects,T2,T2_152-300ms,10,5,0.15889999900013208,0.0463428032449139,0.1257483546568432,0.19205164334342095,1.8175029354346644e-06,0.3247999981045723,0.05604521633605791,0.2847076655519533,0.36489233065719123,1.9596672430370927e-08,9.087514677173323e-06,9.798336215185464e-08
inter-subjects,T3,T3_300-500ms,10,5,0.11969999879598618,0.040789567220187846,0.09052090019347016,0.1488790973985022,6.641100841161924e-06,0.2183000007271767,0.06371472421124232,0.1727212327506482,0.2638787687037052,1.8290818184024451e-06,1.4080683374035222e-05,3.0484696973374086e-06
inter-subjects,T4,T4_500-800ms,10,5,0.03589999869465828,0.02542286788936082,0.01771357458042416,0.05408642280889239,0.0015647928193488602,0.07080000042915345,0.03290660422177718,0.04726003384706172,0.09433996701124518,7.87181441147872e-05,0.0019559910241860753,9.8397680143484e-05
