setting,subject,condition,seed_count,mean_top1_baseline,mean_top5_baseline,mean_top1_ablated,mean_top5_ablated,mean_top1_drop,mean_top5_drop
inter-subjects,1,T0,5,0.22599999606609344,0.5429999947547912,0.2079999953508377,0.5090000033378601,0.01800000071525574,0.03399999141693115
inter-subjects,1,T1,5,0.22599999606609344,0.5429999947547912,0.05599999949336052,0.19099999964237213,0.16999999657273293,0.35199999511241914
inter-subjects,1,T2,5,0.22599999606609344,0.5429999947547912,0.04999999925494194,0.17900000214576722,0.1759999968111515,0.36399999260902405
inter-subjects,1,T3,5,0.22599999606609344,0.5429999947547912,0.06700000017881394,0.225,0.1589999958872795,0.31799999475479124
inter-subjects,1,T4,5,0.22599999606609344,0.5429999947547912,0.16800000071525573,0.4480000019073486,0.057999995350837705,0.09499999284744262
inter-subjects,2,T0,5,0.24399999380111695,0.5159999966621399,0.23699999153614043,0.5180000066757202,0.007000002264976502,-0.002000010013580322
inter-subjects,2,T1,5,0.24399999380111695,0.5159999966621399,0.11100000143051147,0.3259999990463257,0.13299999237060547,0.1899999976158142
inter-subjects,2,T2,5,0.24399999380111695,0.5159999966621399,0.05200000032782555,0.21500000059604646,0.19199999347329139,0.30099999606609346
inter-subjects,2,T3,5,0.24399999380111695,0.5159999966621399,0.10300000011920929,0.3049999952316284,0.14099999368190766,0.21100000143051148
inter-subjects,2,T4,5,0.24399999380111695,0.5159999966621399,0.2240000009536743,0.47400000095367434,0.019999992847442628,0.041999995708465576
inter-subjects,3,T0,5,0.13700000047683716,0.3850000023841858,0.13900000005960464,0.3850000023841858,-0.0019999995827674867,0.0
inter-subjects,3,T1,5,0.13700000047683716,0.3850000023841858,0.07500000074505805,0.2509999930858612,0.061999999731779096,0.1340000092983246
inter-subjects,3,T2,5,0.13700000047683716,0.3850000023841858,0.03399999961256981,0.12400000095367432,0.10300000086426735,0.2610000014305115
inter-subjects,3,T3,5,0.13700000047683716,0.3850000023841858,0.03800000101327896,0.1729999989271164,0.0989999994635582,0.2120000034570694
inter-subjects,3,T4,5,0.13700000047683716,0.3850000023841858,0.09000000059604644,0.32199999690055847,0.04699999988079071,0.06300000548362732
inter-subjects,4,T0,5,0.19300000071525575,0.5209999918937683,0.18700000047683715,0.5069999992847443,0.006000000238418579,0.013999992609024048
inter-subjects,4,T1,5,0.19300000071525575,0.5209999918937683,0.08699999898672103,0.24899999499320985,0.1060000017285347,0.2719999969005585
inter-subjects,4,T2,5,0.19300000071525575,0.5209999918937683,0.05900000035762787,0.18199999928474425,0.13400000035762788,0.338999992609024
inter-subjects,4,T3,5,0.19300000071525575,0.5209999918937683,0.08300000056624413,0.2779999911785126,0.11000000014901161,0.24300000071525574
inter-subjects,4,T4,5,0.19300000071525575,0.5209999918937683,0.1760000020265579,0.4650000035762787,0.016999998688697816,0.055999988317489625
inter-subjects,5,T0,5,0.1760000020265579,0.4690000057220459,0.16999999880790712,0.4449999928474426,0.006000003218650818,0.024000012874603273
inter-subjects,5,T1,5,0.1760000020265579,0.4690000057220459,0.11500000208616257,0.26999999284744264,0.06099999994039536,0.19900001287460328
inter-subjects,5,T2,5,0.1760000020265579,0.4690000057220459,0.04600000008940697,0.1690000057220459,0.13000000193715094,0.3
inter-subjects,5,T3,5,0.1760000020265579,0.4690000057220459,0.09099999964237213,0.26799999475479125,0.08500000238418579,0.20100001096725464
inter-subjects,5,T4,5,0.1760000020265579,0.4690000057220459,0.1469999983906746,0.3889999985694885,0.029000003635883332,0.08000000715255737
inter-subjects,6,T0,5,0.27699999809265136,0.568999993801117,0.22399999797344208,0.5259999990463257,0.05300000011920929,0.04299999475479126
inter-subjects,6,T1,5,0.27699999809265136,0.568999993801117,0.12300000190734864,0.32800000309944155,0.15399999618530275,0.2409999907016754
inter-subjects,6,T2,5,0.27699999809265136,0.568999993801117,0.06899999976158142,0.16500000059604644,0.20799999833106994,0.4039999932050705
inter-subjects,6,T3,5,0.27699999809265136,0.568999993801117,0.11999999731779099,0.3210000038146973,0.15700000077486037,0.24799998998641967
inter-subjects,6,T4,5,0.27699999809265136,0.568999993801117,0.21599999964237213,0.510999995470047,0.06099999845027924,0.057999998331069946
inter-subjects,7,T0,5,0.17100000083446504,0.489000004529953,0.16400000154972078,0.47900000810623167,0.006999999284744263,0.009999996423721314
inter-subjects,7,T1,5,0.17100000083446504,0.489000004529953,0.039999999850988385,0.18299999833106995,0.13100000098347664,0.30600000619888307
inter-subjects,7,T2,5,0.17100000083446504,0.489000004529953,0.039000000432133676,0.18700000047683715,0.13200000040233134,0.30200000405311583
inter-subjects,7,T3,5,0.17100000083446504,0.489000004529953,0.04999999925494194,0.2449999988079071,0.12100000157952309,0.2440000057220459
inter-subjects,7,T4,5,0.17100000083446504,0.489000004529953,0.13199999928474426,0.33999999761581423,0.03900000154972076,0.14900000691413878
inter-subjects,8,T0,5,0.1989999979734421,0.4740000069141388,0.1989999979734421,0.47799999713897706,0.0,-0.003999990224838257
inter-subjects,8,T1,5,0.1989999979734421,0.4740000069141388,0.1259999990463257,0.2699999988079071,0.0729999989271164,0.2040000081062317
inter-subjects,8,T2,5,0.1989999979734421,0.4740000069141388,0.06899999976158142,0.2270000010728836,0.12999999821186065,0.2470000058412552
inter-subjects,8,T3,5,0.1989999979734421,0.4740000069141388,0.11500000059604645,0.3610000014305115,0.08399999737739564,0.11300000548362732
inter-subjects,8,T4,5,0.1989999979734421,0.4740000069141388,0.1770000010728836,0.43200000524520876,0.021999996900558472,0.04200000166893005
inter-subjects,9,T0,5,0.19000000059604644,0.5019999980926514,0.18100000023841858,0.49200000762939455,0.00900000035762787,0.009999990463256836
inter-subjects,9,T1,5,0.19000000059604644,0.5019999980926514,0.06600000038743019,0.21699999868869782,0.12400000020861626,0.28499999940395354
inter-subjects,9,T2,5,0.19000000059604644,0.5019999980926514,0.057999999076128,0.18799999952316285,0.13200000151991845,0.3139999985694885
inter-subjects,9,T3,5,0.19000000059604644,0.5019999980926514,0.13500000089406966,0.38299999237060545,0.054999999701976776,0.1190000057220459
inter-subjects,9,T4,5,0.19000000059604644,0.5019999980926514,0.2,0.4589999973773956,-0.009999999403953552,0.04300000071525574
inter-subjects,10,T0,5,0.3339999973773956,0.6569999933242798,0.3200000047683716,0.6240000009536744,0.013999992609024048,0.03299999237060547
inter-subjects,10,T1,5,0.3339999973773956,0.6569999933242798,0.16599999964237214,0.4089999973773956,0.1679999977350235,0.24799999594688416
inter-subjects,10,T2,5,0.3339999973773956,0.6569999933242798,0.08199999928474426,0.2409999966621399,0.2519999980926514,0.4159999966621399
inter-subjects,10,T3,5,0.3339999973773956,0.6569999933242798,0.14800000041723252,0.3830000042915344,0.18599999696016312,0.27399998903274536
inter-subjects,10,T4,5,0.3339999973773956,0.6569999933242798,0.25799999833106996,0.5769999861717224,0.07599999904632568,0.08000000715255737
intra-subjects,1,T0,5,0.5320000052452087,0.8210000157356262,0.5120000123977662,0.799999988079071,0.019999992847442628,0.021000027656555176
intra-subjects,1,T1,5,0.5320000052452087,0.8210000157356262,0.1850000023841858,0.4759999930858612,0.34700000286102295,0.34500002264976504
intra-subjects,1,T2,5,0.5320000052452087,0.8210000157356262,0.17400000095367432,0.40200000405311587,0.35800000429153445,0.4190000116825104
intra-subjects,1,T3,5,0.5320000052452087,0.8210000157356262,0.314000004529953,0.6100000023841858,0.21800000071525574,0.21100001335144042
intra-subjects,1,T4,5,0.5320000052452087,0.8210000157356262,0.4589999973773956,0.7709999918937683,0.0730000078678131,0.05000002384185791
intra-subjects,2,T0,5,0.6439999938011169,0.9290000081062317,0.6330000042915345,0.9170000195503235,0.01099998950958252,0.011999988555908203
intra-subjects,2,T1,5,0.6439999938011169,0.9290000081062317,0.3199999988079071,0.6569999933242798,0.32399999499320986,0.2720000147819519
intra-subjects,2,T2,5,0.6439999938011169,0.9290000081062317,0.1719999998807907,0.4279999971389771,0.4719999939203262,0.5010000109672547
intra-subjects,2,T3,5,0.6439999938011169,0.9290000081062317,0.42399999499320984,0.7440000057220459,0.2199999988079071,0.1850000023841858
intra-subjects,2,T4,5,0.6439999938011169,0.9290000081062317,0.5319999933242798,0.8370000004768372,0.11200000047683716,0.09200000762939453
intra-subjects,3,T0,5,0.5939999938011169,0.9089999914169311,0.5700000047683715,0.902999997138977,0.02399998903274536,0.005999994277954101
intra-subjects,3,T1,5,0.5939999938011169,0.9089999914169311,0.2689999997615814,0.5609999895095825,0.3249999940395355,0.34800000190734864
intra-subjects,3,T2,5,0.5939999938011169,0.9089999914169311,0.1189999982714653,0.36200000047683717,0.47499999552965166,0.546999990940094
intra-subjects,3,T3,5,0.5939999938011169,0.9089999914169311,0.41800000667572024,0.7580000042915345,0.17599998712539672,0.15099998712539672
intra-subjects,3,T4,5,0.5939999938011169,0.9089999914169311,0.4569999992847443,0.8129999995231628,0.13699999451637268,0.09599999189376832
intra-subjects,4,T0,5,0.6149999976158143,0.8939999938011169,0.5990000009536743,0.8949999928474426,0.015999996662139894,-0.0009999990463256836
intra-subjects,4,T1,5,0.6149999976158143,0.8939999938011169,0.3430000066757202,0.6580000042915344,0.27199999094009397,0.2359999895095825
intra-subjects,4,T2,5,0.6149999976158143,0.8939999938011169,0.21500000059604646,0.47400000095367434,0.39999999701976774,0.4199999928474426
intra-subjects,4,T3,5,0.6149999976158143,0.8939999938011169,0.4040000021457672,0.7480000019073486,0.210999995470047,0.1459999918937683
intra-subjects,4,T4,5,0.6149999976158143,0.8939999938011169,0.5220000147819519,0.8329999804496765,0.09299998283386231,0.06100001335144043
intra-subjects,5,T0,5,0.556000006198883,0.8600000023841858,0.524999988079071,0.8350000143051147,0.03100001811981201,0.024999988079071046
intra-subjects,5,T1,5,0.556000006198883,0.8600000023841858,0.33200000524520873,0.6419999837875366,0.2240000009536743,0.21800001859664916
intra-subjects,5,T2,5,0.556000006198883,0.8600000023841858,0.10399999916553497,0.25799999535083773,0.4520000070333481,0.6020000070333481
intra-subjects,5,T3,5,0.556000006198883,0.8600000023841858,0.3649999976158142,0.7009999990463257,0.19100000858306884,0.1590000033378601
intra-subjects,5,T4,5,0.556000006198883,0.8600000023841858,0.47100000381469725,0.806000006198883,0.08500000238418579,0.05399999618530273
intra-subjects,6,T0,5,0.696999990940094,0.9320000052452088,0.6729999899864196,0.9140000104904175,0.024000000953674317,0.01799999475479126
intra-subjects,6,T1,5,0.696999990940094,0.9320000052452088,0.38899999260902407,0.6930000066757203,0.30799999833106995,0.23899999856948853
intra-subjects,6,T2,5,0.696999990940094,0.9320000052452088,0.10899999737739563,0.3220000028610229,0.5879999935626984,0.6100000023841858
intra-subjects,6,T3,5,0.696999990940094,0.9320000052452088,0.5080000042915345,0.8179999947547912,0.18899998664855958,0.11400001049041748
intra-subjects,6,T4,5,0.696999990940094,0.9320000052452088,0.6049999952316284,0.8769999980926514,0.09199999570846558,0.05500000715255737
intra-subjects,7,T0,5,0.6329999923706054,0.899999988079071,0.6210000038146972,0.8799999952316284,0.011999988555908203,0.019999992847442628
intra-subjects,7,T1,5,0.6329999923706054,0.899999988079071,0.15999999940395354,0.4030000030994415,0.4729999929666519,0.4969999849796295
intra-subjects,7,T2,5,0.6329999923706054,0.899999988079071,0.12499999850988389,0.33899999856948854,0.5079999938607216,0.5609999895095825
intra-subjects,7,T3,5,0.6329999923706054,0.899999988079071,0.4460000038146973,0.7800000071525574,0.18699998855590821,0.11999998092651368
intra-subjects,7,T4,5,0.6329999923706054,0.899999988079071,0.521999990940094,0.8269999861717224,0.11100000143051147,0.07300000190734864
intra-subjects,8,T0,5,0.6960000038146973,0.9370000004768372,0.6879999995231628,0.946999990940094,0.008000004291534423,-0.009999990463256836
intra-subjects,8,T1,5,0.6960000038146973,0.9370000004768372,0.42399999499320984,0.7460000038146972,0.27200000882148745,0.1909999966621399
intra-subjects,8,T2,5,0.6960000038146973,0.9370000004768372,0.21500000059604646,0.4640000104904175,0.48100000321865083,0.4729999899864197
intra-subjects,8,T3,5,0.6960000038146973,0.9370000004768372,0.5639999985694886,0.853000009059906,0.13200000524520875,0.08399999141693115
intra-subjects,8,T4,5,0.6960000038146973,0.9370000004768372,0.6070000052452087,0.897000002861023,0.08899999856948852,0.03999999761581421
intra-subjects,9,T0,5,0.6110000133514404,0.9169999957084656,0.6159999966621399,0.9220000028610229,-0.004999983310699463,-0.005000007152557373
intra-subjects,9,T1,5,0.6110000133514404,0.9169999957084656,0.3449999988079071,0.675,0.26600001454353334,0.2419999957084656
intra-subjects,9,T2,5,0.6110000133514404,0.9169999957084656,0.23599999845027925,0.5450000047683716,0.3750000149011612,0.371999990940094
intra-subjects,9,T3,5,0.6110000133514404,0.9169999957084656,0.4759999990463257,0.8069999933242797,0.13500001430511474,0.1100000023841858
intra-subjects,9,T4,5,0.6110000133514404,0.9169999957084656,0.5940000057220459,0.9039999842643738,0.01700000762939453,0.013000011444091797
intra-subjects,10,T0,5,0.7350000023841858,0.9740000247955323,0.7230000019073486,0.9609999895095825,0.012000000476837159,0.013000035285949707
intra-subjects,10,T1,5,0.7350000023841858,0.9740000247955323,0.3380000054836273,0.6980000019073487,0.3969999969005585,0.2760000228881836
intra-subjects,10,T2,5,0.7350000023841858,0.9740000247955323,0.20199999809265137,0.4600000023841858,0.5330000042915344,0.5140000224113465
intra-subjects,10,T3,5,0.7350000023841858,0.9740000247955323,0.5389999985694885,0.8650000095367432,0.19600000381469726,0.10900001525878907
intra-subjects,10,T4,5,0.7350000023841858,0.9740000247955323,0.6640000104904175,0.925000011920929,0.07099999189376831,0.049000012874603274
