setting,subject,seed,checkpoint_path,condition,perturbation,param_name,param_value,top1,top5,mean_rank,median_rank,top1_drop,top5_drop
intra-subjects-averaged,8,42,D:\NEOschool\2026BMI-\results\intra-subjects-seed42\sub-08-seed42\checkpoint_test_best.pth,T1_50-150ms__alpha,scaling,alpha,0.0,0.5,0.8100000023841858,4.010000228881836,1.0,0.18,0.13
intra-subjects-averaged,8,42,D:\NEOschool\2026BMI-\results\intra-subjects-seed42\sub-08-seed42\checkpoint_test_best.pth,T1_50-150ms__alpha,scaling,alpha,0.1,0.5249999761581421,0.8299999833106995,3.5299999713897705,1.0,0.155,0.11
intra-subjects-averaged,8,42,D:\NEOschool\2026BMI-\results\intra-subjects-seed42\sub-08-seed42\checkpoint_test_best.pth,T1_50-150ms__alpha,scaling,alpha,0.2,0.5450000166893005,0.8349999785423279,3.125,1.0,0.135,0.105
intra-subjects-averaged,8,42,D:\NEOschool\2026BMI-\results\intra-subjects-seed42\sub-08-seed42\checkpoint_test_best.pth,T1_50-150ms__alpha,scaling,alpha,0.4,0.5950000286102295,0.9100000262260437,2.5999999046325684,1.0,0.085,0.03
intra-subjects-averaged,8,42,D:\NEOschool\2026BMI-\results\intra-subjects-seed42\sub-08-seed42\checkpoint_test_best.pth,T1_50-150ms__alpha,scaling,alpha,0.6,0.625,0.925000011920929,2.3450000286102295,1.0,0.055,0.015
intra-subjects-averaged,8,42,D:\NEOschool\2026BMI-\results\intra-subjects-seed42\sub-08-seed42\checkpoint_test_best.pth,T1_50-150ms__alpha,scaling,alpha,0.8,0.6700000166893005,0.9300000071525574,2.190000057220459,1.0,0.01,0.01
intra-subjects-averaged,8,42,D:\NEOschool\2026BMI-\results\intra-subjects-seed42\sub-08-seed42\checkpoint_test_best.pth,T1_50-150ms__alpha,scaling,alpha,1.0,0.6800000071525574,0.9399999976158142,2.174999952316284,1.0,0.0,0.0
intra-subjects-averaged,8,42,D:\NEOschool\2026BMI-\results\intra-subjects-seed42\sub-08-seed42\checkpoint_test_best.pth,T1_50-150ms__alpha,scaling,alpha,1.5,0.6650000214576721,0.9150000214576721,2.430000066757202,1.0,0.015,0.025
intra-subjects-averaged,8,42,D:\NEOschool\2026BMI-\results\intra-subjects-seed42\sub-08-seed42\checkpoint_test_best.pth,T1_50-150ms__alpha,scaling,alpha,2.0,0.5699999928474426,0.8700000047683716,3.265000104904175,1.0,0.11,0.07
intra-subjects-averaged,8,42,D:\NEOschool\2026BMI-\results\intra-subjects-seed42\sub-08-seed42\checkpoint_test_best.pth,T1_50-150ms__alpha,phase_rand,rand_ratio,0.0,0.6800000071525574,0.9399999976158142,2.174999952316284,1.0,0.0,0.0
intra-subjects-averaged,8,42,D:\NEOschool\2026BMI-\results\intra-subjects-seed42\sub-08-seed42\checkpoint_test_best.pth,T1_50-150ms__alpha,phase_rand,rand_ratio,0.25,0.5699999928474426,0.8399999737739563,3.299999952316284,1.0,0.11,0.1
intra-subjects-averaged,8,42,D:\NEOschool\2026BMI-\results\intra-subjects-seed42\sub-08-seed42\checkpoint_test_best.pth,T1_50-150ms__alpha,phase_rand,rand_ratio,0.5,0.5,0.8299999833106995,4.090000152587891,1.0,0.18,0.11
intra-subjects-averaged,8,42,D:\NEOschool\2026BMI-\results\intra-subjects-seed42\sub-08-seed42\checkpoint_test_best.pth,T1_50-150ms__alpha,phase_rand,rand_ratio,0.75,0.47999998927116394,0.8100000023841858,4.715000152587891,2.0,0.2,0.13
intra-subjects-averaged,8,42,D:\NEOschool\2026BMI-\results\intra-subjects-seed42\sub-08-seed42\checkpoint_test_best.pth,T1_50-150ms__alpha,phase_rand,rand_ratio,1.0,0.41999998688697815,0.7350000143051147,6.985000133514404,2.0,0.26,0.205
intra-subjects-averaged,8,42,D:\NEOschool\2026BMI-\results\intra-subjects-seed42\sub-08-seed42\checkpoint_test_best.pth,T1_50-150ms__alpha,gaussian_noise,snr_db,20.0,0.6700000166893005,0.9399999976158142,2.1449999809265137,1.0,0.01,0.0
intra-subjects-averaged,8,42,D:\NEOschool\2026BMI-\results\intra-subjects-seed42\sub-08-seed42\checkpoint_test_best.pth,T1_50-150ms__alpha,gaussian_noise,snr_db,10.0,0.6700000166893005,0.9300000071525574,2.240000009536743,1.0,0.01,0.01
intra-subjects-averaged,8,42,D:\NEOschool\2026BMI-\results\intra-subjects-seed42\sub-08-seed42\checkpoint_test_best.pth,T1_50-150ms__alpha,gaussian_noise,snr_db,5.0,0.5950000286102295,0.9200000166893005,2.240000009536743,1.0,0.085,0.02
intra-subjects-averaged,8,42,D:\NEOschool\2026BMI-\results\intra-subjects-seed42\sub-08-seed42\checkpoint_test_best.pth,T1_50-150ms__alpha,gaussian_noise,snr_db,0.0,0.5600000023841858,0.8500000238418579,3.255000114440918,1.0,0.12,0.09
intra-subjects-averaged,8,42,D:\NEOschool\2026BMI-\results\intra-subjects-seed42\sub-08-seed42\checkpoint_test_best.pth,T1_50-150ms__alpha,gaussian_noise,snr_db,-5.0,0.38499999046325684,0.7200000286102295,6.934999942779541,2.0,0.295,0.22
intra-subjects-averaged,8,42,D:\NEOschool\2026BMI-\results\intra-subjects-seed42\sub-08-seed42\checkpoint_test_best.pth,T1_50-150ms__alpha,gaussian_noise,snr_db,-10.0,0.17000000178813934,0.4650000035762787,16.975000381469727,7.0,0.51,0.475
intra-subjects-averaged,8,42,D:\NEOschool\2026BMI-\results\intra-subjects-seed42\sub-08-seed42\checkpoint_test_best.pth,T2_150-300ms__beta,scaling,alpha,0.0,0.5699999928474426,0.8799999952316284,3.069999933242798,1.0,0.11,0.06
intra-subjects-averaged,8,42,D:\NEOschool\2026BMI-\results\intra-subjects-seed42\sub-08-seed42\checkpoint_test_best.pth,T2_150-300ms__beta,scaling,alpha,0.1,0.6000000238418579,0.8949999809265137,2.869999885559082,1.0,0.08,0.045
intra-subjects-averaged,8,42,D:\NEOschool\2026BMI-\results\intra-subjects-seed42\sub-08-seed42\checkpoint_test_best.pth,T2_150-300ms__beta,scaling,alpha,0.2,0.6100000143051147,0.9049999713897705,2.680000066757202,1.0,0.07,0.035
intra-subjects-averaged,8,42,D:\NEOschool\2026BMI-\results\intra-subjects-seed42\sub-08-seed42\checkpoint_test_best.pth,T2_150-300ms__beta,scaling,alpha,0.4,0.6600000262260437,0.9200000166893005,2.424999952316284,1.0,0.02,0.02
intra-subjects-averaged,8,42,D:\NEOschool\2026BMI-\results\intra-subjects-seed42\sub-08-seed42\checkpoint_test_best.pth,T2_150-300ms__beta,scaling,alpha,0.6,0.6800000071525574,0.9399999976158142,2.244999885559082,1.0,0.0,0.0
intra-subjects-averaged,8,42,D:\NEOschool\2026BMI-\results\intra-subjects-seed42\sub-08-seed42\checkpoint_test_best.pth,T2_150-300ms__beta,scaling,alpha,0.8,0.6850000023841858,0.9449999928474426,2.1600000858306885,1.0,-0.005,-0.005
intra-subjects-averaged,8,42,D:\NEOschool\2026BMI-\results\intra-subjects-seed42\sub-08-seed42\checkpoint_test_best.pth,T2_150-300ms__beta,scaling,alpha,1.0,0.6800000071525574,0.9399999976158142,2.174999952316284,1.0,0.0,0.0
intra-subjects-averaged,8,42,D:\NEOschool\2026BMI-\results\intra-subjects-seed42\sub-08-seed42\checkpoint_test_best.pth,T2_150-300ms__beta,scaling,alpha,1.5,0.6800000071525574,0.9350000023841858,2.2300000190734863,1.0,0.0,0.005
intra-subjects-averaged,8,42,D:\NEOschool\2026BMI-\results\intra-subjects-seed42\sub-08-seed42\checkpoint_test_best.pth,T2_150-300ms__beta,scaling,alpha,2.0,0.6499999761581421,0.925000011920929,2.4600000381469727,1.0,0.03,0.015
intra-subjects-averaged,8,42,D:\NEOschool\2026BMI-\results\intra-subjects-seed42\sub-08-seed42\checkpoint_test_best.pth,T2_150-300ms__beta,phase_rand,rand_ratio,0.0,0.6800000071525574,0.9399999976158142,2.174999952316284,1.0,0.0,0.0
intra-subjects-averaged,8,42,D:\NEOschool\2026BMI-\results\intra-subjects-seed42\sub-08-seed42\checkpoint_test_best.pth,T2_150-300ms__beta,phase_rand,rand_ratio,0.25,0.6899999976158142,0.9300000071525574,2.265000104904175,1.0,-0.01,0.01
intra-subjects-averaged,8,42,D:\NEOschool\2026BMI-\results\intra-subjects-seed42\sub-08-seed42\checkpoint_test_best.pth,T2_150-300ms__beta,phase_rand,rand_ratio,0.5,0.6499999761581421,0.9100000262260437,2.490000009536743,1.0,0.03,0.03
intra-subjects-averaged,8,42,D:\NEOschool\2026BMI-\results\intra-subjects-seed42\sub-08-seed42\checkpoint_test_best.pth,T2_150-300ms__beta,phase_rand,rand_ratio,0.75,0.5950000286102295,0.9100000262260437,2.6700000762939453,1.0,0.085,0.03
intra-subjects-averaged,8,42,D:\NEOschool\2026BMI-\results\intra-subjects-seed42\sub-08-seed42\checkpoint_test_best.pth,T2_150-300ms__beta,phase_rand,rand_ratio,1.0,0.5699999928474426,0.8600000143051147,3.0299999713897705,1.0,0.11,0.08
intra-subjects-averaged,8,42,D:\NEOschool\2026BMI-\results\intra-subjects-seed42\sub-08-seed42\checkpoint_test_best.pth,T2_150-300ms__beta,gaussian_noise,snr_db,20.0,0.6800000071525574,0.9350000023841858,2.174999952316284,1.0,0.0,0.005
intra-subjects-averaged,8,42,D:\NEOschool\2026BMI-\results\intra-subjects-seed42\sub-08-seed42\checkpoint_test_best.pth,T2_150-300ms__beta,gaussian_noise,snr_db,10.0,0.6800000071525574,0.9399999976158142,2.184999942779541,1.0,0.0,0.0
intra-subjects-averaged,8,42,D:\NEOschool\2026BMI-\results\intra-subjects-seed42\sub-08-seed42\checkpoint_test_best.pth,T2_150-300ms__beta,gaussian_noise,snr_db,5.0,0.6949999928474426,0.9350000023841858,2.134999990463257,1.0,-0.015,0.005
intra-subjects-averaged,8,42,D:\NEOschool\2026BMI-\results\intra-subjects-seed42\sub-08-seed42\checkpoint_test_best.pth,T2_150-300ms__beta,gaussian_noise,snr_db,0.0,0.6650000214576721,0.9350000023841858,2.2300000190734863,1.0,0.015,0.005
intra-subjects-averaged,8,42,D:\NEOschool\2026BMI-\results\intra-subjects-seed42\sub-08-seed42\checkpoint_test_best.pth,T2_150-300ms__beta,gaussian_noise,snr_db,-5.0,0.6499999761581421,0.9300000071525574,2.2850000858306885,1.0,0.03,0.01
intra-subjects-averaged,8,42,D:\NEOschool\2026BMI-\results\intra-subjects-seed42\sub-08-seed42\checkpoint_test_best.pth,T2_150-300ms__beta,gaussian_noise,snr_db,-10.0,0.6050000190734863,0.9049999713897705,2.880000114440918,1.0,0.075,0.035
intra-subjects-averaged,8,42,D:\NEOschool\2026BMI-\results\intra-subjects-seed42\sub-08-seed42\checkpoint_test_best.pth,T1_50-150ms__beta,scaling,alpha,0.0,0.625,0.9350000023841858,2.565000057220459,1.0,0.055,0.005
intra-subjects-averaged,8,42,D:\NEOschool\2026BMI-\results\intra-subjects-seed42\sub-08-seed42\checkpoint_test_best.pth,T1_50-150ms__beta,scaling,alpha,0.1,0.6399999856948853,0.9350000023841858,2.484999895095825,1.0,0.04,0.005
intra-subjects-averaged,8,42,D:\NEOschool\2026BMI-\results\intra-subjects-seed42\sub-08-seed42\checkpoint_test_best.pth,T1_50-150ms__beta,scaling,alpha,0.2,0.6499999761581421,0.9399999976158142,2.4149999618530273,1.0,0.03,0.0
intra-subjects-averaged,8,42,D:\NEOschool\2026BMI-\results\intra-subjects-seed42\sub-08-seed42\checkpoint_test_best.pth,T1_50-150ms__beta,scaling,alpha,0.4,0.6800000071525574,0.9399999976158142,2.2699999809265137,1.0,0.0,0.0
intra-subjects-averaged,8,42,D:\NEOschool\2026BMI-\results\intra-subjects-seed42\sub-08-seed42\checkpoint_test_best.pth,T1_50-150ms__beta,scaling,alpha,0.6,0.6850000023841858,0.9399999976158142,2.2049999237060547,1.0,-0.005,0.0
intra-subjects-averaged,8,42,D:\NEOschool\2026BMI-\results\intra-subjects-seed42\sub-08-seed42\checkpoint_test_best.pth,T1_50-150ms__beta,scaling,alpha,0.8,0.6850000023841858,0.9399999976158142,2.1600000858306885,1.0,-0.005,0.0
intra-subjects-averaged,8,42,D:\NEOschool\2026BMI-\results\intra-subjects-seed42\sub-08-seed42\checkpoint_test_best.pth,T1_50-150ms__beta,scaling,alpha,1.0,0.6800000071525574,0.9399999976158142,2.174999952316284,1.0,0.0,0.0
intra-subjects-averaged,8,42,D:\NEOschool\2026BMI-\results\intra-subjects-seed42\sub-08-seed42\checkpoint_test_best.pth,T1_50-150ms__beta,scaling,alpha,1.5,0.6899999976158142,0.9300000071525574,2.1600000858306885,1.0,-0.01,0.01
intra-subjects-averaged,8,42,D:\NEOschool\2026BMI-\results\intra-subjects-seed42\sub-08-seed42\checkpoint_test_best.pth,T1_50-150ms__beta,scaling,alpha,2.0,0.6600000262260437,0.9300000071525574,2.309999942779541,1.0,0.02,0.01
intra-subjects-averaged,8,42,D:\NEOschool\2026BMI-\results\intra-subjects-seed42\sub-08-seed42\checkpoint_test_best.pth,T1_50-150ms__beta,phase_rand,rand_ratio,0.0,0.6800000071525574,0.9399999976158142,2.174999952316284,1.0,0.0,0.0
intra-subjects-averaged,8,42,D:\NEOschool\2026BMI-\results\intra-subjects-seed42\sub-08-seed42\checkpoint_test_best.pth,T1_50-150ms__beta,phase_rand,rand_ratio,0.25,0.675000011920929,0.9399999976158142,2.140000104904175,1.0,0.005,0.0
intra-subjects-averaged,8,42,D:\NEOschool\2026BMI-\results\intra-subjects-seed42\sub-08-seed42\checkpoint_test_best.pth,T1_50-150ms__beta,phase_rand,rand_ratio,0.5,0.6549999713897705,0.925000011920929,2.365000009536743,1.0,0.025,0.015
intra-subjects-averaged,8,42,D:\NEOschool\2026BMI-\results\intra-subjects-seed42\sub-08-seed42\checkpoint_test_best.pth,T1_50-150ms__beta,phase_rand,rand_ratio,0.75,0.6299999952316284,0.925000011920929,2.430000066757202,1.0,0.05,0.015
intra-subjects-averaged,8,42,D:\NEOschool\2026BMI-\results\intra-subjects-seed42\sub-08-seed42\checkpoint_test_best.pth,T1_50-150ms__beta,phase_rand,rand_ratio,1.0,0.6100000143051147,0.9350000023841858,2.9000000953674316,1.0,0.07,0.005
intra-subjects-averaged,8,42,D:\NEOschool\2026BMI-\results\intra-subjects-seed42\sub-08-seed42\checkpoint_test_best.pth,T1_50-150ms__beta,gaussian_noise,snr_db,20.0,0.6800000071525574,0.9399999976158142,2.194999933242798,1.0,0.0,0.0
intra-subjects-averaged,8,42,D:\NEOschool\2026BMI-\results\intra-subjects-seed42\sub-08-seed42\checkpoint_test_best.pth,T1_50-150ms__beta,gaussian_noise,snr_db,10.0,0.6899999976158142,0.9350000023841858,2.194999933242798,1.0,-0.01,0.005
intra-subjects-averaged,8,42,D:\NEOschool\2026BMI-\results\intra-subjects-seed42\sub-08-seed42\checkpoint_test_best.pth,T1_50-150ms__beta,gaussian_noise,snr_db,5.0,0.6899999976158142,0.9399999976158142,2.184999942779541,1.0,-0.01,0.0
intra-subjects-averaged,8,42,D:\NEOschool\2026BMI-\results\intra-subjects-seed42\sub-08-seed42\checkpoint_test_best.pth,T1_50-150ms__beta,gaussian_noise,snr_db,0.0,0.675000011920929,0.9300000071525574,2.2249999046325684,1.0,0.005,0.01
intra-subjects-averaged,8,42,D:\NEOschool\2026BMI-\results\intra-subjects-seed42\sub-08-seed42\checkpoint_test_best.pth,T1_50-150ms__beta,gaussian_noise,snr_db,-5.0,0.6150000095367432,0.9100000262260437,2.694999933242798,1.0,0.065,0.03
intra-subjects-averaged,8,42,D:\NEOschool\2026BMI-\results\intra-subjects-seed42\sub-08-seed42\checkpoint_test_best.pth,T1_50-150ms__beta,gaussian_noise,snr_db,-10.0,0.550000011920929,0.824999988079071,3.5350000858306885,1.0,0.13,0.115
