Condition,Top1_Drop,Both_Correct,Base_Correct_Cond_Incorrect,Base_Incorrect_Cond_Correct,Both_Incorrect,p_value_raw,p_value_fdr,Significant_FDR_0.05
T1_50-150ms__alpha_gaussian_noise_snr_db=-10.0,0.502,178,518,16,288,6.110427649179582e-131,3.299630930556974e-129,True
T1_50-150ms__alpha_gaussian_noise_snr_db=-5.0,0.305,361,335,30,274,2.3908667345039954e-66,6.455340183160788e-65,True
T1_50-150ms__alpha_phase_rand_rand_ratio=1.0,0.287,373,323,36,268,8.06302147082101e-59,1.451343864747782e-57,True
T1_50-150ms__alpha_phase_rand_rand_ratio=0.75,0.237,421,275,38,266,1.7294705839632103e-45,2.334785288350334e-44,True
T1_50-150ms__alpha_phase_rand_rand_ratio=0.5,0.176,494,202,26,278,6.060100932232157e-35,6.544909006810729e-34,True
T1_50-150ms__alpha_scaling_alpha=0.0,0.176,482,214,38,266,6.074021766539733e-31,5.4666195898857596e-30,True
T1_50-150ms__alpha_scaling_alpha=0.1,0.151,505,191,40,264,8.679640048628525e-25,5.858757032824254e-24,True
T1_50-150ms__alpha_gaussian_noise_snr_db=0.0,0.14,530,166,26,278,3.6839558857814544e-26,2.8419088261742648e-25,True
T1_50-150ms__alpha_scaling_alpha=0.2,0.129,529,167,38,266,1.732797818672899e-20,1.0396786912037393e-19,True
T2_150-300ms__beta_phase_rand_rand_ratio=1.0,0.104,554,142,38,266,2.522314794956661e-15,1.362049989276597e-14,True
T1_50-150ms__beta_gaussian_noise_snr_db=-10.0,0.102,546,150,48,256,2.027549129468884e-13,9.123971082609978e-13,True
T1_50-150ms__alpha_scaling_alpha=2.0,0.098,556,140,42,262,1.6173010169024691e-13,7.939477719339394e-13,True
T2_150-300ms__beta_scaling_alpha=0.0,0.093,565,131,38,266,3.5972531698129746e-13,1.4385530654545635e-12,True
T1_50-150ms__alpha_phase_rand_rand_ratio=0.25,0.087,578,118,31,273,3.729582021548868e-13,1.4385530654545635e-12,True
T1_50-150ms__alpha_scaling_alpha=0.4,0.076,585,111,35,269,2.088284671425321e-10,6.264854014275963e-10,True
T2_150-300ms__beta_phase_rand_rand_ratio=0.75,0.076,593,103,27,277,1.1837867653112194e-11,3.995280332925366e-11,True
T2_150-300ms__beta_gaussian_noise_snr_db=-10.0,0.075,587,109,34,270,2.330505592014365e-10,6.623542208882932e-10,True
T1_50-150ms__beta_phase_rand_rand_ratio=1.0,0.074,596,100,26,278,1.9845342971897425e-11,6.303814826367417e-11,True
T2_150-300ms__beta_scaling_alpha=0.1,0.074,586,110,36,268,6.54725587913841e-10,1.7677590873673705e-09,True
T1_50-150ms__beta_phase_rand_rand_ratio=0.75,0.07,606,90,20,284,8.637551655996456e-12,3.109518596158724e-11,True
T2_150-300ms__beta_scaling_alpha=0.2,0.06,600,96,36,268,1.74937401430774e-07,4.2939180351189985e-07,True
T1_50-150ms__alpha_gaussian_noise_snr_db=5.0,0.059,607,89,30,274,5.6882868507839105e-08,1.4627023330587199e-07,True
T1_50-150ms__beta_gaussian_noise_snr_db=-5.0,0.054,615,81,27,277,1.9074127708662278e-07,4.478273462033752e-07,True
T2_150-300ms__beta_phase_rand_rand_ratio=0.5,0.05,621,75,25,279,5.636282034205402e-07,1.2681634576962154e-06,True
T1_50-150ms__beta_scaling_alpha=0.0,0.043,628,68,25,279,9.375635307717017e-06,2.0251372264668754e-05,True
T2_150-300ms__beta_scaling_alpha=2.0,0.039,618,78,39,265,0.00039617781879230766,0.0007640572219565934,True
T1_50-150ms__alpha_scaling_alpha=0.6,0.035,635,61,26,278,0.0002236893560948182,0.0004645855857353916,True
T1_50-150ms__beta_scaling_alpha=0.1,0.033,639,57,24,280,0.0003173169180222807,0.0006346338360445615,True
T1_50-150ms__beta_phase_rand_rand_ratio=0.5,0.032,631,65,33,271,0.0016005802102081264,0.0028810443783746278,True
T2_150-300ms__beta_scaling_alpha=0.4,0.032,633,63,31,273,0.001261386598131299,0.0023487888378996603,True
T2_150-300ms__beta_gaussian_noise_snr_db=-5.0,0.029,640,56,27,277,0.0019314374822250477,0.003364439485166212,True
T1_50-150ms__beta_scaling_alpha=0.2,0.027,645,51,24,280,0.0024442284992149655,0.0041246355924252544,True
T1_50-150ms__alpha_scaling_alpha=1.5,0.025,626,70,45,259,0.024793536339643575,0.03825288463830723,True
T1_50-150ms__alpha_gaussian_noise_snr_db=10.0,0.023,652,44,21,283,0.005918433252619306,0.009684708958831592,True
T1_50-150ms__beta_scaling_alpha=2.0,0.023,646,50,27,277,0.011672721024383069,0.018539027509314285,True
T1_50-150ms__beta_gaussian_noise_snr_db=0.0,0.017,654,42,25,279,0.04980011429472864,0.07268124788960395,False
T2_150-300ms__beta_gaussian_noise_snr_db=0.0,0.016,665,31,15,289,0.02589608179323477,0.038844122689852156,True
T2_150-300ms__beta_scaling_alpha=0.6,0.013,658,38,25,279,0.12991792302255253,0.1798863549543035,False
T2_150-300ms__beta_scaling_alpha=1.5,0.013,657,39,26,278,0.1360323948778921,0.1836437330851543,False
T2_150-300ms__beta_phase_rand_rand_ratio=0.25,0.011,666,30,19,285,0.15240777196147803,0.20073218746145888,False
T1_50-150ms__beta_gaussian_noise_snr_db=5.0,0.01,674,22,12,292,0.12144948495551944,0.17258611019994868,False
T1_50-150ms__alpha_scaling_alpha=0.8,0.009,672,24,15,289,0.19959086691960698,0.25661682889663756,False
T1_50-150ms__beta_scaling_alpha=0.4,0.009,663,33,24,280,0.2892437471090205,0.34709249653082463,False
T1_50-150ms__beta_phase_rand_rand_ratio=0.25,0.008,665,31,23,281,0.3408909412200971,0.3835023088726093,False
T1_50-150ms__beta_scaling_alpha=1.5,0.007,674,22,15,289,0.3240086000878364,0.3803579218422427,False
T1_50-150ms__alpha_gaussian_noise_snr_db=20.0,0.006,682,14,8,296,0.28627872467041016,0.34709249653082463,False
T1_50-150ms__beta_scaling_alpha=0.8,0.005,685,11,6,298,0.332305908203125,0.3817982775099734,False
T2_150-300ms__beta_scaling_alpha=0.8,0.004,678,18,14,290,0.5966148958541453,0.6574939668596703,False
T1_50-150ms__beta_scaling_alpha=0.6,0.003,678,18,15,289,0.7283324808813632,0.7865990793518722,False
T2_150-300ms__beta_gaussian_noise_snr_db=20.0,0.003,693,3,0,304,0.25,0.313953488372093,False
T1_50-150ms__beta_gaussian_noise_snr_db=20.0,0.001,693,3,2,302,1.0,1.0,False
T2_150-300ms__beta_gaussian_noise_snr_db=10.0,0.001,691,5,4,300,1.0,1.0,False
T1_50-150ms__beta_gaussian_noise_snr_db=10.0,0.0,685,11,11,293,1.0,1.0,False
T2_150-300ms__beta_gaussian_noise_snr_db=5.0,-0.002,685,11,13,291,0.8388197422027588,0.8881620799793917,False
